T,TM,Tm,SLP,H,VV,V,VM,date,PM2.5
23.4,30.3,19.0,-,59.0,6.3,4.3,5.4,2013-01-01,284.7958333333333
22.4,30.3,16.9,-,57.0,6.9,3.3,7.6,2013-01-02,219.72083333333333
24.0,31.8,16.9,-,51.0,6.9,2.8,5.4,2013-01-03,182.1875
,,,,,,,,2013-01-04,115.2875
,,,,,,,,2013-01-05,0.0
,,,,,,,,2013-01-06,12.379166666666668
22.8,30.2,17.6,-,55.0,7.7,3.7,7.6,2013-01-07,154.0375
23.1,30.6,17.4,-,46.0,6.9,3.3,5.4,2013-01-08,223.20833333333331
22.9,30.6,17.4,-,51.0,6.9,3.5,3.5,2013-01-09,200.64583333333331
,,,,,,,,2013-01-10,154.875
,,,,,,,,2013-01-11,129.38750000000002
,,,,,,,,2013-01-12,224.2458333333333
22.3,30.1,15.7,-,43.0,6.9,2.8,5.4,2013-01-13,285.225
21.8,30.6,14.8,-,41.0,6.9,1.9,5.4,2013-01-14,236.825
21.6,30.6,14.2,-,43.0,6.9,3.1,7.6,2013-01-15,276.90833333333336
,,,,,,,,2013-01-16,245.65
,,,,,,,,2013-01-17,218.67083333333332
,,,,,,,,2013-01-18,47.825
21.6,29.6,16.4,-,58.0,6.9,2.2,3.5,2013-01-19,108.0
21.9,29.6,16.6,-,58.0,6.9,2.4,5.4,2013-01-20,107.625
22.3,29.9,17.5,-,55.0,6.9,3.1,5.4,2013-01-21,125.89166666666668
,,,,,,,,2013-01-22,179.3083333333333
,,,,,,,,2013-01-23,239.85
,,,,,,,,2013-01-24,220.1916666666667
21.6,29.1,15.5,-,47.0,7.7,4.8,7.6,2013-01-25,181.0125
21.8,29.2,14.6,-,41.0,6.9,2.8,3.5,2013-01-26,152.55416666666667
22.3,30.1,15.6,-,40.0,6.9,2.4,5.4,2013-01-27,152.32083333333333
,,,,,,,,2013-01-28,171.42916666666667
,,,,,,,,2013-01-29,251.375
,,,,,,,,2013-01-30,251.82916666666665
22.1,29.8,17.3,-,54.0,6.9,5.2,9.4,2013-01-31,319.7375
21.6,29.2,15.3,-,51.0,6.9,3.9,5.4,2013-02-01,332.7083333333333
21.4,29.2,15.2,-,45.0,6.9,2.8,5.4,2013-02-02,279.6
21.8,29.6,14.4,-,37.0,7.4,2.2,3.5,2013-02-03,179.11666666666667
,,,,,,,,2013-02-04,166.29999999999998
,,,,,,,,2013-02-05,78.25416666666666
,,,,,,,,2013-02-06,54.958333333333336
24.6,32.2,18.8,-,55.0,6.9,2.2,3.5,2013-02-07,54.79166666666666
24.6,32.2,21.0,-,63.0,5.5,3.9,9.4,2013-02-08,93.375
23.9,31.6,19.0,-,51.0,6.6,5.9,9.4,2013-02-09,103.0
,,,,,,,,2013-02-10,211.125
,,,,,,,,2013-02-11,192.29166666666663
,,,,,,,,2013-02-12,152.0
24.5,31.5,18.9,-,49.0,6.9,4.8,9.4,2013-02-13,132.20833333333334
23.9,31.5,19.7,-,64.0,6.3,5.2,9.4,2013-02-14,127.70833333333331
24.3,31.4,20.2,-,68.0,6.9,3.5,5.4,2013-02-15,109.33333333333331
,,,,,,,,2013-02-16,0.0
,,,,,,,,2013-02-17,0.0
,,,,,,,,2013-02-18,0.0
24.8,31.8,20.5,-,62.0,6.3,2.0,5.4,2013-02-19,56.458333333333336
24.5,32.2,19.7,-,59.0,6.6,3.9,5.4,2013-02-20,135.83333333333334
24.3,32.2,18.0,-,47.0,6.9,5.0,9.4,2013-02-21,122.5
,,,,,,,,2013-02-22,119.33333333333331
,,,,,,,,2013-02-23,67.125
,,,,,,,,2013-02-24,46.708333333333336
24.1,33.4,15.9,-,29.0,7.7,3.5,5.4,2013-02-25,69.66666666666667
24.7,32.4,16.3,-,30.0,6.9,5.0,9.4,2013-02-26,79.83333333333333
24.7,32.4,16.9,-,32.0,6.9,0.9,3.5,2013-02-27,62.708333333333336
,,,,,,,,2013-02-28,81.04166666666667
25.5,33.0,18.5,-,26.0,6.9,3.9,5.4,2013-03-01,21.20833333333333
25.5,33.0,18.9,-,34.0,6.9,4.6,7.6,2013-03-02,1.9166666666666667
25.3,33.2,18.5,-,31.0,6.9,3.5,5.4,2013-03-03,1.8333333333333333
,,,,,,,,2013-03-04,1.7916666666666667
,,,,,,,,2013-03-05,31.625
,,,,,,,,2013-03-06,112.08333333333331
24.0,30.4,21.0,-,71.0,6.3,5.2,5.4,2013-03-07,105.83333333333331
25.4,32.0,20.0,-,56.0,6.9,3.5,5.4,2013-03-08,117.58333333333331
25.8,34.1,20.3,-,51.0,6.6,1.5,3.5,2013-03-09,122.70833333333331
,,,,,,,,2013-03-10,76.54166666666667
,,,,,,,,2013-03-11,159.08333333333334
,,,,,,,,2013-03-12,147.95833333333334
27.1,34.8,20.2,-,30.0,6.9,3.1,5.4,2013-03-13,111.95833333333331
26.8,34.7,20.7,-,34.0,6.9,2.4,5.4,2013-03-14,59.208333333333336
25.3,34.2,18.9,-,40.0,6.9,3.9,5.4,2013-03-15,77.20833333333333
,,,,,,,,2013-03-16,87.83333333333333
,,,,,,,,2013-03-17,90.04166666666667
,,,,,,,,2013-03-18,63.91666666666666
26.9,34.6,19.9,-,37.0,6.9,5.0,5.4,2013-03-19,98.70833333333331
27.1,34.6,20.4,-,39.0,6.9,5.0,7.6,2013-03-20,123.70833333333331
26.8,34.5,20.5,-,32.0,6.9,4.6,7.6,2013-03-21,64.79166666666667
,,,,,,,,2013-03-22,62.875
,,,,,,,,2013-03-23,88.375
,,,,,,,,2013-03-24,77.66666666666667
28.1,34.8,21.3,-,44.0,6.3,3.9,7.6,2013-03-25,52.333333333333336
28.8,35.4,23.2,-,44.0,6.9,4.3,5.4,2013-03-26,52.04166666666666
28.5,35.8,22.9,-,39.0,6.9,3.7,7.6,2013-03-27,128.33333333333334
,,,,,,,,2013-03-28,87.58333333333333
,,,,,,,,2013-03-29,2.9166666666666665
,,,,,,,,2013-03-30,0.0
28.1,36.5,22.4,-,57.0,6.9,3.1,5.4,2013-03-31,0.0
27.2,36.5,20.7,-,58.0,6.9,4.3,7.6,2013-04-01,23.20833333333333
26.9,34.9,22.2,-,54.0,6.9,5.0,11.1,2013-04-02,15.166666666666666
27.8,34.9,22.1,-,58.0,6.9,3.5,7.6,2013-04-03,21.25
,,,,,,,,2013-04-04,25.75
,,,,,,,,2013-04-05,52.41666666666666
,,,,,,,,2013-04-06,89.0
29.9,36.8,23.3,-,41.0,6.9,3.7,7.6,2013-04-07,81.83333333333333
29.4,36.8,24.4,-,44.0,6.9,2.0,7.6,2013-04-08,105.33333333333331
29.6,36.0,24.5,-,42.0,6.9,3.9,7.6,2013-04-09,117.75
,,,,,,,,2013-04-10,20.791666666666668
,,,,,,,,2013-04-11,64.79166666666667
,,,,,,,,2013-04-12,87.375
27.7,36.2,21.4,-,42.0,6.9,3.5,3.5,2013-04-13,84.5
29.2,35.9,23.1,-,50.0,6.9,3.9,7.6,2013-04-14,46.91666666666666
27.5,35.9,22.6,-,56.0,6.3,5.9,11.1,2013-04-15,104.625
,,,,,,,,2013-04-16,109.625
,,,,,,,,2013-04-17,63.458333333333336
,,,,,,,,2013-04-18,77.04166666666667
28.2,35.8,22.5,-,50.0,6.9,5.0,7.6,2013-04-19,110.875
28.9,35.7,23.3,-,45.0,6.9,3.5,5.4,2013-04-20,42.958333333333336
28.2,35.7,22.6,-,53.0,6.9,4.6,5.4,2013-04-21,0.0
,,,,,,,,2013-04-22,30.875
,,,,,,,,2013-04-23,75.58333333333333
,,,,,,,,2013-04-24,106.95833333333331
28.4,34.7,23.3,-,54.0,6.9,3.3,5.4,2013-04-25,120.875
28.2,34.5,24.4,-,56.0,6.9,3.0,5.4,2013-04-26,79.91666666666667
28.4,35.3,23.3,-,56.0,7.7,3.3,5.4,2013-04-27,0.0
,,,,,,,,2013-04-28,0.0
,,,,,,,,2013-04-29,0.0
,,,,,,,,2013-04-30,38.5
28.7,37.0,22.7,-,43.0,6.9,3.5,5.4,2013-05-01,94.75
29.6,37.6,24.0,-,51.0,6.9,4.8,7.6,2013-05-02,142.5
28.3,37.6,24.0,-,58.0,6.9,6.5,11.1,2013-05-03,133.375
,,,,,,,,2013-05-04,102.41666666666669
,,,,,,,,2013-05-05,101.75
,,,,,,,,2013-05-06,117.95833333333331
28.8,35.1,24.3,-,58.0,6.9,4.6,5.4,2013-05-07,147.83333333333334
28.0,35.1,23.4,-,61.0,6.9,5.9,7.6,2013-05-08,158.29166666666666
26.9,35.3,22.2,-,63.0,6.9,4.3,7.6,2013-05-09,149.58333333333334
,,,,,,,,2013-05-10,107.29166666666669
,,,,,,,,2013-05-11,96.25
,,,,,,,,2013-05-12,76.25
26.1,32.1,22.1,-,68.0,6.9,4.4,5.4,2013-05-13,101.5
26.3,32.1,21.9,-,63.0,6.9,6.5,11.1,2013-05-14,106.5
26.4,33.8,21.6,-,58.0,7.6,5.6,7.6,2013-05-15,128.125
,,,,,,,,2013-05-16,108.0
,,,,,,,,2013-05-17,125.625
,,,,,,,,2013-05-18,137.16666666666666
26.2,35.7,22.4,-,71.0,6.9,3.0,5.4,2013-05-19,101.95833333333331
25.2,33.8,21.4,-,75.0,6.3,5.0,7.6,2013-05-20,98.41666666666669
27.3,34.0,20.9,-,64.0,6.9,5.0,9.4,2013-05-21,94.375
,,,,,,,,2013-05-22,118.5
,,,,,,,,2013-05-23,89.54166666666667
,,,,,,,,2013-05-24,87.25
26.5,33.5,22.0,-,58.0,6.3,8.0,11.1,2013-05-25,107.625
26.6,33.0,22.0,-,62.0,6.9,6.3,7.6,2013-05-26,110.41666666666669
25.5,33.0,20.6,-,66.0,6.9,6.3,7.6,2013-05-27,95.83333333333331
,,,,,,,,2013-05-28,93.5
,,,,,,,,2013-05-29,97.625
,,,,,,,,2013-05-30,76.95833333333333
23.7,31.3,20.8,-,81.0,5.8,2.8,5.4,2013-05-31,72.25
21.8,29.4,20.0,-,90.0,5.5,6.1,7.6,2013-06-01,38.66666666666666
22.3,27.6,20.0,-,86.0,5.5,6.1,9.4,2013-06-02,45.375
22.3,27.6,19.2,-,85.0,5.5,6.3,7.6,2013-06-03,65.16666666666667
,,,,,,,,2013-06-04,67.08333333333333
,,,,,,,,2013-06-05,80.04166666666667
,,,,,,,,2013-06-06,74.16666666666667
23.8,29.9,21.0,-,80.0,6.9,8.7,11.1,2013-06-07,66.08333333333333
23.0,28.8,20.1,-,77.0,6.3,8.1,11.1,2013-06-08,77.66666666666667
23.8,28.4,20.1,-,70.0,6.9,12.4,18.3,2013-06-09,70.25
,,,,,,,,2013-06-10,75.125
,,,,,,,,2013-06-11,37.16666666666666
,,,,,,,,2013-06-12,57.375
23.7,28.3,20.0,-,69.0,6.9,11.3,14.8,2013-06-13,56.29166666666666
23.7,28.3,20.5,-,70.0,6.3,9.8,16.5,2013-06-14,77.0
23.4,28.6,20.0,-,74.0,6.9,9.6,11.1,2013-06-15,32.958333333333336
,,,,,,,,2013-06-16,40.833333333333336
,,,,,,,,2013-06-17,42.54166666666666
,,,,,,,,2013-06-18,93.08333333333331
24.3,29.2,20.2,-,71.0,7.4,8.5,11.1,2013-06-19,80.625
23.6,30.2,20.3,-,74.0,6.9,7.2,9.4,2013-06-20,90.70833333333331
23.4,30.2,20.0,-,78.0,6.9,5.0,5.4,2013-06-21,97.29166666666669
,,,,,,,,2013-06-22,79.83333333333333
,,,,,,,,2013-06-23,87.75
,,,,,,,,2013-06-24,63.5
23.4,28.4,20.6,-,77.0,6.9,8.9,18.3,2013-06-25,50.708333333333336
22.4,27.8,20.4,-,87.0,6.9,5.2,5.4,2013-06-26,40.375
23.5,28.5,20.6,-,75.0,6.9,5.7,7.6,2013-06-27,49.41666666666666
,,,,,,,,2013-06-28,43.66666666666666
,,,,,,,,2013-06-29,52.16666666666666
,,,,,,,,2013-06-30,49.583333333333336
23.7,29.2,19.4,-,70.0,6.9,8.5,14.8,2013-07-01,61.875
22.6,29.2,19.8,-,79.0,5.5,6.9,11.1,2013-07-02,0.0
22.2,28.1,19.9,-,83.0,6.9,6.7,11.1,2013-07-03,29.666666666666668
,,,,,,,,2013-07-04,47.75
,,,,,,,,2013-07-05,37.708333333333336
,,,,,,,,2013-07-06,33.083333333333336
23.3,29.6,20.6,-,76.0,6.3,5.0,9.4,2013-07-07,49.125
23.8,28.7,20.5,-,73.0,6.9,5.7,9.4,2013-07-08,43.66666666666666
22.6,28.8,20.4,-,82.0,6.9,5.6,7.6,2013-07-09,29.83333333333333
,,,,,,,,2013-07-10,29.666666666666668
,,,,,,,,2013-07-11,56.708333333333336
,,,,,,,,2013-07-12,39.25
22.2,27.3,20.2,-,84.0,6.3,5.9,9.4,2013-07-13,35.208333333333336
23.1,27.4,19.8,-,79.0,6.3,5.0,7.6,2013-07-14,37.625
23.1,28.3,20.2,-,81.0,5.8,4.6,7.6,2013-07-15,41.458333333333336
,,,,,,,,2013-07-16,53.125
,,,,,,,,2013-07-17,54.875
,,,,,,,,2013-07-18,65.75
21.4,27.0,19.7,-,90.0,6.3,5.4,7.6,2013-07-19,38.583333333333336
21.3,27.0,19.7,-,93.0,6.3,5.4,7.6,2013-07-20,36.0
22.5,26.0,19.9,-,84.0,6.3,5.9,7.6,2013-07-21,70.58333333333333
,,,,,,,,2013-07-22,52.458333333333336
,,,,,,,,2013-07-23,36.583333333333336
,,,,,,,,2013-07-24,45.583333333333336
23.1,27.6,19.8,-,75.0,6.9,9.8,11.1,2013-07-25,33.166666666666664
22.6,27.6,20.0,-,77.0,6.9,8.1,11.1,2013-07-26,38.25
22.3,27.4,19.7,-,84.0,6.9,6.7,11.1,2013-07-27,26.58333333333333
,,,,,,,,2013-07-28,57.583333333333336
,,,,,,,,2013-07-29,30.70833333333333
,,,,,,,,2013-07-30,35.375
22.0,26.9,20.0,-,76.0,6.9,11.7,22.2,2013-07-31,15.416666666666666
22.4,26.2,20.0,-,79.0,6.6,9.8,14.8,2013-08-01,41.375
23.2,28.4,20.1,-,78.0,6.9,9.8,11.1,2013-08-02,25.541666666666668
22.7,28.4,20.2,-,80.0,6.3,6.7,11.1,2013-08-03,28.375
,,,,,,,,2013-08-04,40.333333333333336
,,,,,,,,2013-08-05,39.333333333333336
,,,,,,,,2013-08-06,41.833333333333336
23.4,28.0,20.1,-,76.0,6.9,6.3,7.6,2013-08-07,50.333333333333336
23.9,29.5,20.6,-,74.0,6.3,6.1,9.4,2013-08-08,35.375
23.7,29.5,20.9,-,76.0,6.9,6.3,9.4,2013-08-09,31.916666666666668
,,,,,,,,2013-08-10,36.79166666666666
,,,,,,,,2013-08-11,33.291666666666664
,,,,,,,,2013-08-12,35.5
22.9,27.8,20.4,-,83.0,6.3,4.4,5.4,2013-08-13,35.291666666666664
21.3,27.8,19.8,-,88.0,5.5,4.6,7.6,2013-08-14,26.83333333333333
20.7,25.1,19.0,-,89.0,6.9,4.4,5.4,2013-08-15,21.125
,,,,,,,,2013-08-16,18.0
,,,,,,,,2013-08-17,28.041666666666668
,,,,,,,,2013-08-18,34.875
22.6,26.8,19.6,-,81.0,6.3,8.5,14.8,2013-08-19,35.708333333333336
22.4,26.7,19.7,-,81.0,5.5,6.7,9.4,2013-08-20,43.583333333333336
22.7,28.4,20.1,-,77.0,6.9,6.7,7.6,2013-08-21,46.04166666666666
,,,,,,,,2013-08-22,28.75
,,,,,,,,2013-08-23,70.54166666666667
,,,,,,,,2013-08-24,58.54166666666666
22.4,26.7,19.5,-,82.0,6.3,5.2,7.6,2013-08-25,82.875
23.9,29.0,19.5,-,73.0,6.3,4.6,7.6,2013-08-26,64.91666666666667
24.2,29.7,19.9,-,69.0,6.9,3.9,5.4,2013-08-27,30.666666666666668
,,,,,,,,2013-08-28,31.75
,,,,,,,,2013-08-29,41.04166666666666
,,,,,,,,2013-08-30,45.25
24.6,30.1,21.9,-,77.0,6.9,1.5,5.4,2013-08-31,34.416666666666664
24.3,30.8,19.2,-,72.0,6.9,0.9,3.5,2013-09-01,33.166666666666664
23.9,31.4,19.0,-,76.0,6.9,1.5,5.4,2013-09-02,30.625
22.9,31.4,19.5,-,80.0,6.9,3.7,11.1,2013-09-03,30.33333333333333
,,,,,,,,2013-09-04,31.75
,,,,,,,,2013-09-05,34.208333333333336
,,,,,,,,2013-09-06,11.625
22.2,27.7,20.0,-,85.0,6.3,4.8,7.6,2013-09-07,0.0
21.8,25.4,19.5,-,89.0,5.5,2.8,5.4,2013-09-08,0.0
21.7,25.4,19.1,-,84.0,5.5,3.3,5.4,2013-09-09,0.0
,,,,,,,,2013-09-10,0.0
,,,,,,,,2013-09-11,0.0
,,,,,,,,2013-09-12,26.166666666666668
22.9,27.4,19.8,-,87.0,6.6,4.1,5.4,2013-09-13,76.875
23.2,27.5,20.5,-,87.0,6.9,3.0,5.4,2013-09-14,83.45833333333333
23.0,27.5,20.6,-,84.0,4.8,4.4,5.4,2013-09-15,71.66666666666667
,,,,,,,,2013-09-16,65.625
,,,,,,,,2013-09-17,53.375
,,,,,,,,2013-09-18,56.083333333333336
23.2,28.8,20.5,-,81.0,6.3,7.6,11.1,2013-09-19,69.70833333333333
22.1,28.4,20.6,-,85.0,6.9,8.0,18.3,2013-09-20,62.375
23.1,27.9,20.2,-,80.0,6.9,5.9,11.1,2013-09-21,24.875
,,,,,,,,2013-09-22,37.333333333333336
,,,,,,,,2013-09-23,50.125
,,,,,,,,2013-09-24,46.54166666666666
23.8,28.3,19.4,-,73.0,7.7,3.9,5.4,2013-09-25,43.958333333333336
24.7,30.4,19.5,-,68.0,9.2,5.0,7.6,2013-09-26,41.5
24.9,30.8,20.0,-,64.0,7.7,4.4,7.6,2013-09-27,38.79166666666666
,,,,,,,,2013-09-28,48.91666666666666
,,,,,,,,2013-09-29,76.91666666666667
,,,,,,,,2013-09-30,34.458333333333336
23.8,29.5,19.6,-,73.0,6.9,5.0,7.6,2013-10-01,30.33333333333333
24.2,29.5,21.1,-,73.0,6.9,6.3,11.1,2013-10-02,26.666666666666668
23.6,28.9,20.3,-,72.0,6.3,4.8,7.6,2013-10-03,29.0
,,,,,,,,2013-10-04,34.25
,,,,,,,,2013-10-05,62.708333333333336
,,,,,,,,2013-10-06,65.08333333333333
24.8,30.0,20.2,-,73.0,7.7,4.1,5.4,2013-10-07,61.708333333333336
23.9,30.0,21.1,-,81.0,6.3,3.1,5.4,2013-10-08,60.54166666666666
23.2,28.4,19.2,-,80.0,6.3,3.7,9.4,2013-10-09,41.583333333333336
,,,,,,,,2013-10-10,50.91666666666666
,,,,,,,,2013-10-11,40.958333333333336
,,,,,,,,2013-10-12,60.66666666666666
23.9,28.9,20.0,-,71.0,6.9,6.7,7.6,2013-10-13,80.04166666666667
24.9,30.8,20.6,-,70.0,6.9,4.8,7.6,2013-10-14,82.83333333333333
24.1,30.8,21.6,-,79.0,6.3,3.3,5.4,2013-10-15,95.25
,,,,,,,,2013-10-16,115.83333333333331
,,,,,,,,2013-10-17,149.66666666666666
,,,,,,,,2013-10-18,145.58333333333334
24.4,30.5,20.3,-,72.0,6.9,1.5,7.6,2013-10-19,126.16666666666669
21.9,30.4,20.1,-,81.0,6.3,0.9,5.4,2013-10-20,136.70833333333334
21.5,27.2,19.5,-,85.0,6.9,2.6,7.6,2013-10-21,160.66666666666666
,,,,,,,,2013-10-22,173.58333333333334
,,,,,,,,2013-10-23,168.625
,,,,,,,,2013-10-24,174.66666666666666
23.2,27.0,20.7,-,81.0,6.3,3.3,5.4,2013-10-25,245.66666666666663
23.4,29.4,20.7,-,78.0,6.9,4.3,5.4,2013-10-26,261.6666666666667
23.3,29.4,19.8,-,80.0,5.5,3.5,5.4,2013-10-27,272.4166666666667
,,,,,,,,2013-10-28,226.29166666666663
,,,,,,,,2013-10-29,291.7083333333333
,,,,,,,,2013-10-30,207.33333333333331
23.4,28.7,18.6,-,71.0,6.3,1.3,5.4,2013-10-31,149.625
24.2,29.6,19.6,-,73.0,6.9,2.2,5.4,2013-11-01,99.70833333333331
23.3,29.6,19.9,-,80.0,5.8,3.9,7.6,2013-11-02,217.375
22.9,29.0,20.0,-,78.0,6.0,4.3,7.6,2013-11-03,309.375
,,,,,,,,2013-11-04,166.91666666666666
,,,,,,,,2013-11-05,429.1666666666667
,,,,,,,,2013-11-06,332.4583333333333
23.3,29.0,19.0,-,69.0,6.3,2.8,5.4,2013-11-07,321.5416666666667
22.2,29.0,18.4,-,69.0,6.9,1.5,5.4,2013-11-08,278.0
22.2,28.2,17.3,-,68.0,6.9,2.2,5.4,2013-11-09,192.33333333333331
,,,,,,,,2013-11-10,235.33333333333331
,,,,,,,,2013-11-11,153.29166666666666
,,,,,,,,2013-11-12,171.54166666666666
21.8,28.6,18.5,-,71.0,6.3,0.0,-,2013-11-13,224.16666666666663
22.0,28.0,17.8,-,67.0,5.5,1.1,3.5,2013-11-14,196.75
21.4,28.0,15.6,-,63.0,6.3,1.1,3.5,2013-11-15,221.54166666666663
,,,,,,,,2013-11-16,210.54166666666663
,,,,,,,,2013-11-17,251.20833333333331
,,,,,,,,2013-11-18,172.83333333333334
22.4,29.0,16.8,-,74.0,6.3,1.9,3.5,2013-11-19,166.70833333333334
22.3,29.0,18.2,-,68.0,6.3,1.3,3.5,2013-11-20,130.70833333333334
22.7,30.0,16.5,-,65.0,6.9,1.1,3.5,2013-11-21,194.70833333333331
,,,,,,,,2013-11-22,250.875
,,,,,,,,2013-11-23,274.875
,,,,,,,,2013-11-24,207.91666666666663
22.5,28.5,19.8,-,80.0,6.3,2.0,5.4,2013-11-25,134.45833333333334
23.1,29.2,19.2,-,74.0,6.9,1.1,5.4,2013-11-26,110.0
22.7,29.2,18.8,-,67.0,6.9,0.4,3.5,2013-11-27,160.0
,,,,,,,,2013-11-28,217.91666666666663
,,,,,,,,2013-11-29,184.20833333333331
,,,,,,,,2013-11-30,130.91666666666666
23.1,29.9,20.0,-,76.0,6.9,3.1,5.4,2013-12-01,118.91666666666669
22.5,28.3,19.4,-,74.0,7.7,2.4,5.4,2013-12-02,176.375
21.9,28.0,18.4,-,67.0,6.9,3.1,5.4,2013-12-03,185.95833333333331
,,,,,,,,2013-12-04,195.375
,,,,,,,,2013-12-05,151.04166666666666
,,,,,,,,2013-12-06,170.875
20.2,28.4,15.7,-,67.0,6.3,1.9,3.5,2013-12-07,239.125
21.3,28.0,16.8,-,68.0,6.9,0.9,3.5,2013-12-08,365.2916666666667
21.2,28.7,15.9,-,54.0,6.9,0.7,5.4,2013-12-09,312.2083333333333
,,,,,,,,2013-12-10,237.625
,,,,,,,,2013-12-11,179.33333333333334
,,,,,,,,2013-12-12,122.54166666666669
22.3,27.0,18.6,-,71.0,6.3,3.5,5.4,2013-12-13,121.33333333333331
22.6,27.7,19.5,-,75.0,6.3,3.5,5.4,2013-12-14,202.875
22.3,30.3,16.0,-,56.0,6.0,1.3,3.5,2013-12-15,260.1666666666667
,,,,,,,,2013-12-16,403.9583333333333
,,,,,,,,2013-12-17,455.5833333333333
,,,,,,,,2013-12-18,382.7083333333333
20.2,27.2,14.7,-,66.0,6.9,0.9,3.5,2013-12-19,277.7083333333333
20.4,28.9,14.5,-,65.0,6.8,1.3,3.5,2013-12-20,284.1666666666667
20.6,28.9,14.9,-,61.0,6.9,3.1,3.5,2013-12-21,288.4166666666667
,,,,,,,,2013-12-22,256.8333333333333
,,,,,,,,2013-12-23,175.75
,,,,,,,,2013-12-24,180.79166666666663
20.8,27.3,15.6,-,70.0,6.0,3.5,5.4,2013-12-25,166.91666666666666
19.9,27.3,14.9,-,68.0,6.3,3.3,5.4,2013-12-26,169.0
20.6,27.4,16.0,-,65.0,6.3,3.9,7.6,2013-12-27,186.04166666666663
,,,,,,,,2013-12-28,185.58333333333331
,,,,,,,,2013-12-29,114.08333333333331
,,,,,,,,2013-12-30,140.45833333333334
20.1,27.5,14.9,-,67.0,6.9,4.3,5.4,2013-12-31,108.08333333333331
20.3,26.4,16,-,70,6.3,3.1,3.5,2014-01-01,255.875
20.1,26.4,16.6,-,70,5.5,2.8,3.5,2014-01-02,217.08333333333331
21.2,28.4,15,-,67,6.9,2.4,5.4,2014-01-03,229.16666666666663
,,,,,,,,2014-01-04,392.2083333333333
,,,,,,,,2014-01-05,536.5
,,,,,,,,2014-01-06,321.8333333333333
21.4,30.8,15,-,53,6.9,2.8,3.5,2014-01-07,298.4583333333333
20.7,29.3,15.5,-,65,6.9,5.9,13,2014-01-08,264.9166666666667
21,28,15.8,-,67,6.3,4.3,5.4,2014-01-09,404.5
,,,,,,,,2014-01-10,442.6666666666667
,,,,,,,,2014-01-11,220.95833333333331
,,,,,,,,2014-01-12,251.375
22,30.6,15.6,-,57,6.9,5,5.4,2014-01-13,188.5
22.4,30.5,17,-,52,7.7,3.9,5.4,2014-01-14,164.75
22.1,29.5,16.3,-,59,6.9,3.3,5.4,2014-01-15,376.9166666666667
,,,,,,,,2014-01-16,362.0
,,,,,,,,2014-01-17,235.625
,,,,,,,,2014-01-18,0.0
21.8,28.5,16.9,-,68,6.9,5,5.4,2014-01-19,0.0
20.9,28.1,17,-,66,6.9,3.5,5.4,2014-01-20,0.0
20.4,27.4,15.2,-,61,6.9,3.9,5.4,2014-01-21,57.0
,,,,,,,,2014-01-22,114.33333333333331
,,,,,,,,2014-01-23,148.125
,,,,,,,,2014-01-24,184.875
22,29.5,16.9,-,58,6.9,3.9,5.4,2014-01-25,202.91666666666663
21.4,29.4,15.5,-,57,6.9,3.3,5.4,2014-01-26,205.125
21,27.7,16.4,-,61,6.9,3.7,7.6,2014-01-27,214.125
,,,,,,,,2014-01-28,202.95833333333331
,,,,,,,,2014-01-29,308.875
,,,,,,,,2014-01-30,323.875
22,29.4,15.4,-,56,6.9,2.8,7.6,2014-01-31,315.7916666666667
22.2,29.8,17,-,65,6.9,4.8,7.6,2014-02-01,322.25
22.7,29.7,18,-,59,6.9,3.1,5.4,2014-02-02,246.04166666666663
23,31.4,15.7,-,48,6.9,1.9,3.5,2014-02-03,200.91666666666663
,,,,,,,,2014-02-04,187.16666666666663
,,,,,,,,2014-02-05,187.79166666666663
,,,,,,,,2014-02-06,167.79166666666666
23.8,32.6,16.5,-,29,6.9,2.4,5.4,2014-02-07,99.5
23.6,32.1,15.5,-,35,6.9,2,5.4,2014-02-08,143.91666666666666
23.6,32.7,15.7,-,39,6.9,0,-,2014-02-09,100.25
,,,,,,,,2014-02-10,126.0
,,,,,,,,2014-02-11,163.91666666666666
,,,,,,,,2014-02-12,152.875
24.6,31.8,19,-,54,6.9,2.8,5.4,2014-02-13,165.0
24.3,31.6,19.2,-,60,6.3,2.4,5.4,2014-02-14,116.45833333333331
24.7,31.6,20.2,-,63,6.3,2.2,5.4,2014-02-15,143.0
,,,,,,,,2014-02-16,194.91666666666663
,,,,,,,,2014-02-17,130.66666666666666
,,,,,,,,2014-02-18,152.375
23.4,30.1,19.2,-,65,6.3,4.3,7.6,2014-02-19,231.125
23,30.1,19.1,-,65,6.3,3.5,3.5,2014-02-20,218.66666666666663
23.9,30.3,19.2,-,63,6.9,2.2,3.5,2014-02-21,211.0
,,,,,,,,2014-02-22,172.0
,,,,,,,,2014-02-23,184.875
,,,,,,,,2014-02-24,95.41666666666669
23.4,30.8,19.7,-,64,6.3,4.4,5.4,2014-02-25,52.208333333333336
24.2,32,19.3,-,49,6.9,4.4,5.4,2014-02-26,187.5
24.5,32,17.6,-,50,6.9,3.1,5.4,2014-02-27,130.16666666666666
,,,,,,,,2014-02-28,68.91666666666667
23.8,31.1,19.9,-,71,6.9,5,7.6,2014-03-01,123.125
24.9,32,19.3,-,64,6.9,3.9,5.4,2014-03-02,120.91666666666669
23.8,32,20.2,-,67,6.9,5.2,7.6,2014-03-03,153.625
,,,,,,,,2014-03-04,119.41666666666669
,,,,,,,,2014-03-05,110.75
,,,,,,,,2014-03-06,94.29166666666669
23.9,30.6,19.9,-,67,6.9,4.6,5.4,2014-03-07,130.33333333333334
24.6,31.6,18.6,-,61,6.9,4.1,7.6,2014-03-08,110.70833333333331
24.2,31.6,18.2,-,54,6.8,5.4,7.6,2014-03-09,138.5
,,,,,,,,2014-03-10,39.29166666666666
,,,,,,,,2014-03-11,44.91666666666666
,,,,,,,,2014-03-12,52.375
24.9,31.8,16.6,-,35,6.9,3.5,5.4,2014-03-13,75.75
25.3,32.8,19,-,31,6.9,4.1,7.6,2014-03-14,146.54166666666666
25.6,33.1,17.1,-,31,6.9,3.1,5.4,2014-03-15,116.625
,,,,,,,,2014-03-16,163.0
,,,,,,,,2014-03-17,162.08333333333334
,,,,,,,,2014-03-18,63.458333333333336
27.1,35.4,18.7,-,31,6.9,3.5,5.4,2014-03-19,80.04166666666667
28.2,35.9,20.8,-,33,7.7,0.9,3.5,2014-03-20,100.04166666666669
27.9,35.9,22.4,-,42,6.9,1.1,5.4,2014-03-21,109.45833333333331
,,,,,,,,2014-03-22,103.08333333333331
,,,,,,,,2014-03-23,208.83333333333331
,,,,,,,,2014-03-24,74.66666666666667
27.6,35.3,20.5,-,37,6.9,2.4,5.4,2014-03-25,110.16666666666669
27.3,35.3,20.3,-,38,6.9,2.6,7.6,2014-03-26,108.20833333333331
26.8,34.6,19.4,-,33,6.9,2.2,5.4,2014-03-27,103.83333333333331
,,,,,,,,2014-03-28,111.5
,,,,,,,,2014-03-29,98.58333333333331
,,,,,,,,2014-03-30,60.41666666666666
28.6,36,23.5,-,33,6.9,1.3,3.5,2014-03-31,74.29166666666667
28.3,35.8,21.9,-,49,6.9,2.8,3.5,2014-04-01,101.79166666666669
29.2,35.8,23.4,-,43,6.9,3.3,7.6,2014-04-02,106.16666666666669
28.9,36,23.3,-,40,6.9,3.3,5.4,2014-04-03,89.875
,,,,,,,,2014-04-04,71.95833333333333
,,,,,,,,2014-04-05,76.41666666666667
,,,,,,,,2014-04-06,113.375
28.6,36.2,22.3,-,38,6.9,2.4,5.4,2014-04-07,48.208333333333336
28.5,36.4,22.6,-,47,6.9,4.3,7.6,2014-04-08,47.04166666666666
25.7,36.4,20.4,-,59,6.6,3.9,5.4,2014-04-09,67.79166666666667
,,,,,,,,2014-04-10,65.45833333333333
,,,,,,,,2014-04-11,77.75
,,,,,,,,2014-04-12,114.45833333333331
27.1,34.5,22.3,-,59,6.9,3,3.5,2014-04-13,56.66666666666666
27.7,34.5,23.1,-,56,6.9,2.8,7.6,2014-04-14,79.0
27.6,34,22.7,-,56,6.9,3,5.4,2014-04-15,123.58333333333331
,,,,,,,,2014-04-16,97.875
,,,,,,,,2014-04-17,77.33333333333333
,,,,,,,,2014-04-18,48.333333333333336
28.6,35.4,22.2,-,47,6.9,2.4,5.4,2014-04-19,80.29166666666667
28.7,35.5,23.4,-,36,6.9,1.9,3.5,2014-04-20,137.875
28.7,35.5,21.5,-,34,7.7,1.5,5.4,2014-04-21,87.875
,,,,,,,,2014-04-22,61.875
,,,,,,,,2014-04-23,82.125
,,,,,,,,2014-04-24,139.91666666666666
29.8,36.5,23.8,-,53,7.7,3.3,5.4,2014-04-25,121.20833333333331
29.6,36.5,24.7,-,52,6.9,1.9,3.5,2014-04-26,97.04166666666669
29.3,36.3,24.8,-,49,6.9,2.8,3.5,2014-04-27,92.08333333333331
,,,,,,,,2014-04-28,105.75
,,,,,,,,2014-04-29,119.16666666666669
,,,,,,,,2014-04-30,121.45833333333331
28.8,36,24.2,-,50,6.9,3.9,5.4,2014-05-01,130.625
28.6,35.8,24.6,-,50,6.3,3.9,7.6,2014-05-02,90.5
27.8,35.8,20,-,56,6.9,3.1,7.6,2014-05-03,55.41666666666666
,,,,,,,,2014-05-04,79.29166666666667
,,,,,,,,2014-05-05,81.875
,,,,,,,,2014-05-06,73.20833333333333
24.5,30.6,21.4,-,76,7.7,5.2,7.6,2014-05-07,108.33333333333331
22.8,26.7,21,-,86,6.3,5.2,5.4,2014-05-08,198.875
24.1,28.3,20.5,-,78,6.9,4.6,7.6,2014-05-09,120.70833333333331
,,,,,,,,2014-05-10,117.375
,,,,,,,,2014-05-11,86.83333333333333
,,,,,,,,2014-05-12,88.625
27.4,35.6,23.8,-,60,6.9,3.9,7.6,2014-05-13,60.54166666666666
28.8,35.6,22.8,-,47,6.9,4.1,7.6,2014-05-14,79.0
28.6,35.5,22.8,-,49,6.9,3.9,5.4,2014-05-15,133.70833333333334
,,,,,,,,2014-05-16,87.08333333333333
,,,,,,,,2014-05-17,107.91666666666669
,,,,,,,,2014-05-18,76.625
28.4,35.5,23.6,-,56,7.7,3.7,14.8,2014-05-19,53.25
25.8,33.9,21.4,-,71,6.9,1.5,5.4,2014-05-20,65.16666666666667
26.3,33,21.2,-,65,7.4,4.3,7.6,2014-05-21,83.58333333333333
,,,,,,,,2014-05-22,86.91666666666667
,,,,,,,,2014-05-23,65.16666666666667
,,,,,,,,2014-05-24,44.29166666666666
26.4,35.2,18.9,-,62,9.2,4.4,5.4,2014-05-25,40.66666666666666
27.8,34.4,22.2,-,61,7.7,2.4,5.4,2014-05-26,48.125
25.8,34.5,20.2,-,70,6.9,3.9,5.4,2014-05-27,103.16666666666669
,,,,,,,,2014-05-28,119.70833333333331
,,,,,,,,2014-05-29,124.25
,,,,,,,,2014-05-30,143.04166666666666
28.1,35,22.3,-,57,7.4,3.3,5.4,2014-05-31,143.375
27.6,35,20.1,-,60,6.9,3.9,5.4,2014-06-01,44.79166666666666
25.9,34.5,20.4,-,70,6.9,4.6,7.6,2014-06-02,71.95833333333333
24.5,29.2,20,-,75,6.9,2.8,3.5,2014-06-03,17.5
,,,,,,,,2014-06-04,87.08333333333333
,,,,,,,,2014-06-05,84.04166666666667
,,,,,,,,2014-06-06,85.54166666666667
25.9,31.2,22.2,-,72,7.7,6.1,11.1,2014-06-07,101.0
25.9,31.3,20.9,-,73,6.9,7.4,9.4,2014-06-08,76.20833333333333
24.6,31.3,22.2,-,74,6.9,9.4,22.2,2014-06-09,84.33333333333333
,,,,,,,,2014-06-10,84.20833333333333
,,,,,,,,2014-06-11,83.375
,,,,,,,,2014-06-12,55.958333333333336
24.1,30.7,21.9,-,74,5.8,8.1,14.8,2014-06-13,48.833333333333336
25.4,30.2,21.4,-,67,9.2,8.9,9.4,2014-06-14,64.45833333333333
25.2,31,21.6,-,71,7.7,9.3,14.8,2014-06-15,80.54166666666667
,,,,,,,,2014-06-16,58.083333333333336
,,,,,,,,2014-06-17,49.958333333333336
,,,,,,,,2014-06-18,101.70833333333331
24.4,29.4,20.8,-,72,6.9,9.8,11.1,2014-06-19,65.41666666666667
24.7,29.2,21.2,-,71,7.4,9.1,11.1,2014-06-20,54.66666666666666
25.3,30.4,21.2,-,69,6.6,8.7,11.1,2014-06-21,78.54166666666667
,,,,,,,,2014-06-22,73.0
,,,,,,,,2014-06-23,58.625
,,,,,,,,2014-06-24,61.5
26,32,21.4,-,61,6.9,5.7,7.6,2014-06-25,49.125
26.6,33,21.4,-,60,6.9,4.3,5.4,2014-06-26,65.875
27.4,33.6,22.2,-,58,7.7,2.4,3.5,2014-06-27,72.41666666666667
,,,,,,,,2014-06-28,71.29166666666667
,,,,,,,,2014-06-29,74.375
,,,,,,,,2014-06-30,107.16666666666669
24.9,31.3,21.1,-,75,6.9,5.9,9.4,2014-07-01,184.66666666666663
25.4,30.6,21.8,-,69,6.9,5.2,7.6,2014-07-02,113.33333333333331
25.5,30.8,20.8,-,64,6.9,6.9,14.8,2014-07-03,146.20833333333334
,,,,,,,,2014-07-04,65.375
,,,,,,,,2014-07-05,111.04166666666669
,,,,,,,,2014-07-06,111.125
23.1,27.5,20.8,-,81,6.9,6.3,11.1,2014-07-07,112.29166666666669
22.6,27.5,20.3,-,82,6.9,5.2,9.4,2014-07-08,60.625
22.7,28.6,19.9,-,83,6.9,5.6,7.6,2014-07-09,71.0
,,,,,,,,2014-07-10,57.04166666666666
,,,,,,,,2014-07-11,67.41666666666667
,,,,,,,,2014-07-12,132.70833333333334
-,-,-,-,-,-,-,-,2014-07-13,153.41666666666666
23.6,27.1,20.3,-,76,6.6,8.7,14.8,2014-07-14,134.95833333333334
23,26.6,21,-,80,5.8,9.6,14.8,2014-07-15,81.125
24,28.5,20.6,-,74,9.2,7.6,16.5,2014-07-16,197.66666666666663
,,,,,,,,2014-07-17,160.75
,,,,,,,,2014-07-18,29.125
,,,,,,,,2014-07-19,52.25
23.3,28.4,20,-,77,6.3,6.7,11.1,2014-07-20,160.375
23.9,28.9,21,-,74,6.3,11.1,14.8,2014-07-21,99.375
23.2,28,21.4,-,81,6.6,7.4,14.8,2014-07-22,123.875
,,,,,,,,2014-07-23,131.41666666666666
,,,,,,,,2014-07-24,53.875
,,,,,,,,2014-07-25,31.45833333333333
24.1,29.4,20.4,-,78,6.9,6.3,7.6,2014-07-26,47.375
23.4,28.4,21,-,79,6.6,5.7,9.4,2014-07-27,38.16666666666666
23.7,27.7,21,-,75,6.9,9.4,13,2014-07-28,42.54166666666666
,,,,,,,,2014-07-29,35.791666666666664
,,,,,,,,2014-07-30,43.458333333333336
,,,,,,,,2014-07-31,35.958333333333336
22.9,28.4,20.5,-,85,5.5,7.6,11.1,2014-08-01,25.08333333333333
23.1,27.4,20.4,-,81,5.5,7.8,11.1,2014-08-02,45.833333333333336
23.2,28.2,21,-,81,5.5,7.4,14.8,2014-08-03,33.708333333333336
,,,,,,,,2014-08-04,31.875
,,,,,,,,2014-08-05,69.79166666666667
,,,,,,,,2014-08-06,62.91666666666666
23.6,27.8,20.8,-,73,8.2,7.2,11.1,2014-08-07,26.416666666666668
22.8,28.4,20.7,-,83,6.3,6.9,11.1,2014-08-08,30.666666666666668
23.6,29.2,20.2,-,79,6.9,6.9,9.4,2014-08-09,29.95833333333333
,,,,,,,,2014-08-10,47.458333333333336
,,,,,,,,2014-08-11,48.91666666666666
,,,,,,,,2014-08-12,37.125
22.8,28,20.4,-,84,6.9,5.2,9.4,2014-08-13,23.875
23.1,29.3,20,-,81,5.8,5,7.6,2014-08-14,22.33333333333333
24.1,29.5,20,-,74,9.2,4.4,5.4,2014-08-15,25.08333333333333
,,,,,,,,2014-08-16,32.958333333333336
,,,,,,,,2014-08-17,31.5
,,,,,,,,2014-08-18,56.375
24.1,28.8,20.2,-,83,6.9,2.2,7.6,2014-08-19,66.79166666666667
24.7,30.8,20.7,-,80,6.9,0.9,3.5,2014-08-20,64.875
25.4,30.8,20.4,-,78,6.9,0.9,3.5,2014-08-21,47.583333333333336
,,,,,,,,2014-08-22,48.29166666666666
,,,,,,,,2014-08-23,51.375
,,,,,,,,2014-08-24,43.375
23.7,29.6,20.5,-,79,6.9,6.7,9.4,2014-08-25,33.5
23.2,28,20.2,-,75,6.9,8,9.4,2014-08-26,43.04166666666666
21.8,28,20.1,-,85,5.5,7.2,9.4,2014-08-27,38.41666666666666
,,,,,,,,2014-08-28,29.166666666666668
,,,,,,,,2014-08-29,37.375
,,,,,,,,2014-08-30,60.0
22.6,27.4,19.8,-,79,6.9,7.8,9.4,2014-08-31,49.29166666666666
22.7,27.4,20.4,-,80,6.9,7.2,9.4,2014-09-01,19.541666666666668
22.5,27.2,20,-,84,6.9,5.6,9.4,2014-09-02,22.83333333333333
23.1,26.8,19.7,-,79,7.7,6.7,9.4,2014-09-03,24.291666666666668
,,,,,,,,2014-09-04,25.291666666666668
,,,,,,,,2014-09-05,23.416666666666668
,,,,,,,,2014-09-06,47.04166666666666
23.3,28.7,20.3,-,77,6.9,6.3,9.4,2014-09-07,74.66666666666667
23.2,28.9,19.8,-,71,6.3,9.1,11.1,2014-09-08,41.875
24,29.9,19.1,-,69,6.9,7.8,11.1,2014-09-09,50.583333333333336
,,,,,,,,2014-09-10,44.41666666666666
,,,,,,,,2014-09-11,66.45833333333333
,,,,,,,,2014-09-12,62.91666666666666
24.3,30.3,20.5,-,67,8.5,5.2,7.6,2014-09-13,58.125
23.4,29.9,20.6,-,74,6.9,5,9.4,2014-09-14,57.29166666666666
23.9,29.4,21,-,73,6.3,7,14.8,2014-09-15,38.25
,,,,,,,,2014-09-16,57.208333333333336
,,,,,,,,2014-09-17,50.333333333333336
,,,,,,,,2014-09-18,50.41666666666666
23.4,27.8,20.6,-,79,6.9,5.9,9.4,2014-09-19,47.41666666666666
23.7,27.8,20.1,-,74,7.4,5.9,7.6,2014-09-20,56.91666666666666
24.2,28.3,20,-,72,6.6,2.8,5.4,2014-09-21,54.625
,,,,,,,,2014-09-22,42.875
,,,,,,,,2014-09-23,41.208333333333336
,,,,,,,,2014-09-24,42.375
23.9,31.1,20.1,-,78,6.9,1.3,3.5,2014-09-25,45.958333333333336
24.2,31.1,19.9,-,81,6.9,1.9,5.4,2014-09-26,52.25
24.8,30,20,-,72,9.2,3.5,5.4,2014-09-27,43.333333333333336
,,,,,,,,2014-09-28,41.875
,,,,,,,,2014-09-29,44.41666666666666
,,,,,,,,2014-09-30,49.5
24.7,29.9,20.7,-,69,7.7,2.2,3.5,2014-10-01,41.958333333333336
25.4,30.7,19.8,-,64,6.9,2.2,3.5,2014-10-02,0.0
25.3,30.7,20.8,-,76,7.4,0.6,3.5,2014-10-03,0.0
,,,,,,,,2014-10-04,0.0
,,,,,,,,2014-10-05,0.0
,,,,,,,,2014-10-06,0.0
23.6,30.4,19.6,-,79,6.9,2.8,5.4,2014-10-07,45.75
22.6,30.4,19.1,-,84,6.9,1.9,3.5,2014-10-08,70.70833333333333
23.6,29.9,19.3,-,83,6.8,1.9,3.5,2014-10-09,51.79166666666666
,,,,,,,,2014-10-10,66.75
,,,,,,,,2014-10-11,39.958333333333336
,,,,,,,,2014-10-12,0.0
24.4,30,20.8,-,67,9.2,5,9.4,2014-10-13,0.0
25.4,30.3,21.2,-,66,8.2,2.6,5.4,2014-10-14,11.583333333333334
24,30.3,21.1,-,75,9.2,3.9,7.6,2014-10-15,13.0
,,,,,,,,2014-10-16,7.875
,,,,,,,,2014-10-17,33.541666666666664
,,,,,,,,2014-10-18,151.04166666666666
21.6,24.3,19.8,-,86,5.5,3.1,3.5,2014-10-19,156.25
22,25.4,20.2,-,82,6.3,3.1,5.4,2014-10-20,156.0
22.7,26.8,20.4,-,76,9.2,3.3,5.4,2014-10-21,151.79166666666666
,,,,,,,,2014-10-22,181.54166666666663
,,,,,,,,2014-10-23,219.95833333333331
,,,,,,,,2014-10-24,231.0
22,27.5,20.4,-,89,5.5,3.1,3.5,2014-10-25,252.625
22.4,27.5,19.8,-,87,6.3,3.1,3.5,2014-10-26,119.41666666666669
21.9,27.3,19.8,-,90,6.3,3,5.4,2014-10-27,126.0
,,,,,,,,2014-10-28,172.66666666666666
,,,,,,,,2014-10-29,207.04166666666663
,,,,,,,,2014-10-30,230.25
22,28.4,17.5,-,70,6.3,1.3,3.5,2014-10-31,232.33333333333331
23.2,28.2,20,-,72,6.9,2.2,3.5,2014-11-01,215.54166666666663
22.8,27.6,19.8,-,74,6.9,2,5.4,2014-11-02,239.41666666666663
21.4,27.6,18.4,-,71,6.3,0.9,3.5,2014-11-03,196.54166666666663
,,,,,,,,2014-11-04,206.75
,,,,,,,,2014-11-05,235.58333333333331
,,,,,,,,2014-11-06,199.875
23.2,29.4,17.9,-,58,6.3,2,5.4,2014-11-07,232.54166666666663
23,29.5,18.8,-,59,6.3,0.4,3.5,2014-11-08,185.5
23.2,29.5,18.8,-,63,6.3,0.9,3.5,2014-11-09,282.1666666666667
,,,,,,,,2014-11-10,226.45833333333331
,,,,,,,,2014-11-11,222.125
,,,,,,,,2014-11-12,317.0
20.2,27.4,19.6,-,94,4,3.5,3.5,2014-11-13,257.6666666666667
21.4,24.6,20.2,-,91,5.5,3.7,7.6,2014-11-14,166.875
21.9,27.4,18,-,80,6.3,2.8,5.4,2014-11-15,135.16666666666666
,,,,,,,,2014-11-16,133.125
,,,,,,,,2014-11-17,175.04166666666666
,,,,,,,,2014-11-18,189.66666666666663
22.1,28.1,17.4,-,71,6.6,2.8,3.5,2014-11-19,211.45833333333331
21.8,28,18.3,-,70,9.2,2.8,3.5,2014-11-20,215.5
22.2,28.8,17.1,-,68,6.3,0.4,3.5,2014-11-21,223.375
,,,,,,,,2014-11-22,187.54166666666663
,,,,,,,,2014-11-23,198.45833333333331
,,,,,,,,2014-11-24,156.70833333333334
21.2,26.7,18,-,68,6.9,2.4,5.4,2014-11-25,135.58333333333334
21.4,27.4,15.8,-,64,6.3,1.1,5.4,2014-11-26,152.04166666666666
21.7,29.2,16.5,-,60,8.2,1.9,3.5,2014-11-27,141.41666666666666
,,,,,,,,2014-11-28,248.625
,,,,,,,,2014-11-29,162.54166666666666
,,,,,,,,2014-11-30,0.0
22.3,28.2,16.6,-,50,6.6,1.9,5.4,2014-12-01,46.708333333333336
21.3,28.2,17,-,60,6.9,0.9,3.5,2014-12-02,91.75
21.1,29,15.3,-,55,8,0.4,3.5,2014-12-03,99.91666666666669
,,,,,,,,2014-12-04,113.375
,,,,,,,,2014-12-05,166.70833333333334
,,,,,,,,2014-12-06,146.66666666666666
21.9,28.6,17.6,-,72,6.3,3,9.4,2014-12-07,119.70833333333331
22.8,29.2,18.4,-,77,6.3,1.9,3.5,2014-12-08,110.875
23.3,29.3,19.8,-,74,5.6,2.8,3.5,2014-12-09,200.33333333333331
,,,,,,,,2014-12-10,161.79166666666666
,,,,,,,,2014-12-11,169.04166666666666
,,,,,,,,2014-12-12,216.79166666666663
21.6,26.6,18.2,-,76,6.3,2.4,5.4,2014-12-13,203.58333333333331
21.6,26.4,19.6,-,83,6.9,1.3,3.5,2014-12-14,25.08333333333333
23.1,28.8,19.1,-,74,6.9,2.8,3.5,2014-12-15,57.083333333333336
,,,,,,,,2014-12-16,152.83333333333334
,,,,,,,,2014-12-17,177.70833333333334
,,,,,,,,2014-12-18,239.04166666666663
21.1,25.2,18.8,-,78,5.5,3.1,3.5,2014-12-19,349.2916666666667
21.4,28,17.6,-,71,6.3,1.9,5.4,2014-12-20,188.04166666666663
21.1,28.3,17.1,-,74,7.7,0.9,3.5,2014-12-21,310.25
,,,,,,,,2014-12-22,375.7916666666667
,,,,,,,,2014-12-23,297.7916666666667
,,,,,,,,2014-12-24,441.7916666666667
20,28.4,15.8,-,65,6.3,1.9,3.5,2014-12-25,204.375
20.1,27.3,14.2,-,56,9.2,1.3,3.5,2014-12-26,223.25
20.8,27.4,13.9,-,58,7.7,2,5.4,2014-12-27,248.95833333333331
,,,,,,,,2014-12-28,441.4166666666667
,,,,,,,,2014-12-29,237.79166666666663
,,,,,,,,2014-12-30,334.875
-,-,-,-,-,-,-,-,,
22.3,29.5,19.2,-,77,6.3,0.9,3.5,2015-01-01,172.75
22.2,29.2,17.6,-,71,5.5,1.9,7.6,2015-01-02,146.79166666666666
22.1,29.2,18.7,-,76,6,1.3,3.5,2015-01-03,113.875
,,,,,,,,2015-01-04,144.75
,,,,,,,,2015-01-05,118.45833333333331
,,,,,,,,2015-01-06,170.91666666666666
21.9,28.6,17.4,-,60,6.9,0.4,3.5,2015-01-07,227.0
22.1,28.6,17.6,-,71,6.3,0.6,3.5,2015-01-08,231.25
21.6,27.6,18.5,-,72,6.3,1.9,3.5,2015-01-09,272.125
,,,,,,,,2015-01-10,205.25
,,,,,,,,2015-01-11,256.0
,,,,,,,,2015-01-12,272.4166666666667
19.4,27.1,13.7,-,60,8.5,0.9,3.5,2015-01-13,228.79166666666663
19.4,27.1,13.7,-,67,6,0.2,1.9,2015-01-14,200.875
20.1,27.1,14.7,-,63,6.3,2.8,7.6,2015-01-15,214.04166666666663
,,,,,,,,2015-01-16,210.0
,,,,,,,,2015-01-17,210.125
,,,,,,,,2015-01-18,227.75
21.3,28.2,15.4,-,61,8.5,3.3,5.4,2015-01-19,217.25
20.9,28.2,15.6,-,63,6.3,3,5.4,2015-01-20,212.45833333333331
21,27.4,15.5,-,61,6.3,4.8,7.6,2015-01-21,202.66666666666663
,,,,,,,,2015-01-22,149.875
,,,,,,,,2015-01-23,85.08333333333333
,,,,,,,,2015-01-24,102.875
22.1,29.4,17,-,59,7.7,3.3,5.4,2015-01-25,138.79166666666666
21.3,28.4,15.6,-,57,7.7,4.6,7.6,2015-01-26,153.08333333333334
21.4,27.9,16,-,60,6.3,4.1,9.4,2015-01-27,159.70833333333334
,,,,,,,,2015-01-28,147.375
,,,,,,,,2015-01-29,171.0
,,,,,,,,2015-01-30,133.41666666666666
22.8,30.2,16.6,-,51,6.3,3.9,9.4,2015-01-31,151.875
21.9,30.2,16.2,-,53,6.3,3.7,7.6,2015-02-01,224.79166666666663
21.2,29.3,16.4,-,63,6.3,5.2,9.4,2015-02-02,177.625
21.4,28.6,15,-,58,6.3,3.9,9.4,2015-02-03,149.625
,,,,,,,,2015-02-04,114.20833333333331
,,,,,,,,2015-02-05,97.5
,,,,,,,,2015-02-06,162.0
22.3,30.2,16.3,-,48,6.3,4.1,5.4,2015-02-07,161.16666666666666
22.7,30.6,15.7,-,50,6.3,3.7,9.4,2015-02-08,136.75
22.2,30.6,15.5,-,54,6.3,3.3,5.4,2015-02-09,50.91666666666666
,,,,,,,,2015-02-10,117.20833333333331
,,,,,,,,2015-02-11,146.75
,,,,,,,,2015-02-12,166.33333333333334
24,32,17.7,-,50,6.9,1.3,3.5,2015-02-13,120.20833333333331
24.7,32.7,17.9,-,43,6.3,0.9,3.5,2015-02-14,137.125
24.9,33,16.5,-,32,6.3,0.9,3.5,2015-02-15,197.08333333333331
,,,,,,,,2015-02-16,161.91666666666666
,,,,,,,,2015-02-17,161.375
,,,,,,,,2015-02-18,144.16666666666666
24.5,33.1,18.6,-,39,6.3,1.9,3.5,2015-02-19,166.375
24.2,32.1,16.9,-,37,6.9,3.3,11.1,2015-02-20,126.58333333333331
23.7,31.7,17.3,-,41,6.9,3.1,5.4,2015-02-21,94.91666666666669
,,,,,,,,2015-02-22,64.95833333333333
,,,,,,,,2015-02-23,157.25
,,,,,,,,2015-02-24,182.54166666666663
24.6,32.4,17,-,27,6.9,0.9,3.5,2015-02-25,133.95833333333334
25.6,33.5,17.2,-,42,6.9,2.2,5.4,2015-02-26,69.25
26.1,33.6,20.1,-,46,6.9,3.5,5.4,2015-02-27,79.29166666666667
,,,,,,,,2015-02-28,92.04166666666669
25.2,32.6,20.8,-,62,6.9,3.7,7.6,2015-03-01,31.625
25.8,32.6,21.4,-,62,6.9,2.2,3.5,2015-03-02,20.416666666666668
23.4,32.4,19.9,-,77,6.3,1.9,3.5,2015-03-03,61.125
,,,,,,,,2015-03-04,87.79166666666667
,,,,,,,,2015-03-05,95.375
,,,,,,,,2015-03-06,81.95833333333333
25.8,31.4,21.3,-,63,6.6,2.6,5.4,2015-03-07,49.583333333333336
25.3,31.5,20.1,-,59,6.9,3.3,5.4,2015-03-08,34.916666666666664
24.5,31.5,19.6,-,65,6.9,2.2,3.5,2015-03-09,47.5
,,,,,,,,2015-03-10,81.29166666666667
,,,,,,,,2015-03-11,111.45833333333331
,,,,,,,,2015-03-12,133.04166666666666
24.5,31.2,18.6,-,54,6.9,3.9,5.4,2015-03-13,128.83333333333334
25.1,32.7,18.4,-,48,6.9,1.9,3.5,2015-03-14,56.333333333333336
25.8,32.7,20.4,-,55,6.9,3,5.4,2015-03-15,20.291666666666668
,,,,,,,,2015-03-16,34.458333333333336
,,,,,,,,2015-03-17,56.79166666666666
,,,,,,,,2015-03-18,48.91666666666666
26.5,35.1,19.6,-,44,6.9,2.2,5.4,2015-03-19,59.16666666666666
26.9,34.7,19.5,-,25,6.9,2,5.4,2015-03-20,83.83333333333333
27.1,34.7,19.6,-,26,6.9,0,-,2015-03-21,89.375
,,,,,,,,2015-03-22,65.83333333333333
,,,,,,,,2015-03-23,58.66666666666666
,,,,,,,,2015-03-24,67.08333333333333
27.9,35.8,22.3,-,43,6.3,3,5.4,2015-03-25,101.375
27,34.5,21,-,47,6.3,2.8,3.5,2015-03-26,109.75
26.3,34.5,19.9,-,46,6.3,2.2,3.5,2015-03-27,42.91666666666666
,,,,,,,,2015-03-28,84.41666666666667
,,,,,,,,2015-03-29,97.08333333333331
,,,,,,,,2015-03-30,21.58333333333333
26.5,33.8,22.3,-,58,6.9,1.9,3.5,2015-03-31,47.25
26.9,33.4,21.6,-,56,6.9,2.2,3.5,2015-04-01,81.20833333333333
27.9,35.1,22.4,-,53,6.9,2.4,5.4,2015-04-02,52.29166666666666
28,35.1,22.8,-,54,6.9,2.8,3.5,2015-04-03,28.45833333333333
,,,,,,,,2015-04-04,23.666666666666668
,,,,,,,,2015-04-05,67.04166666666667
,,,,,,,,2015-04-06,90.0
28.9,35.5,22.7,-,52,6.9,1.5,7.6,2015-04-07,49.5
28.2,35.5,24.1,-,55,6.9,3.1,3.5,2015-04-08,75.16666666666667
28.1,35,23,-,54,6.9,4.1,9.4,2015-04-09,53.125
,,,,,,,,2015-04-10,76.25
,,,,,,,,2015-04-11,69.04166666666667
,,,,,,,,2015-04-12,41.16666666666666
21.3,29,18.8,-,77,6.3,1.3,3.5,2015-04-13,54.708333333333336
23.2,30.5,18.1,-,71,6.9,0.7,5.4,2015-04-14,52.625
23.2,30.5,19.8,-,80,6.3,1.5,7.6,2015-04-15,51.375
,,,,,,,,2015-04-16,45.5
,,,,,,,,2015-04-17,56.833333333333336
,,,,,,,,2015-04-18,100.41666666666669
26.8,32.3,21.4,-,54,7.7,0,-,2015-04-19,94.33333333333331
26.6,32.3,21.9,-,62,6.9,1.3,3.5,2015-04-20,92.91666666666669
26.8,32.3,21.7,-,63,6.9,0.4,3.5,2015-04-21,80.20833333333333
,,,,,,,,2015-04-22,76.66666666666667
,,,,,,,,2015-04-23,56.875
,,,,,,,,2015-04-24,98.375
23.9,33.4,19.8,-,70,6.6,4.3,22.2,2015-04-25,71.66666666666667
23.7,31.3,19.2,-,70,6.3,0.4,3.5,2015-04-26,31.83333333333333
25.5,31.1,20.8,-,68,6.9,1.3,3.5,2015-04-27,47.66666666666666
,,,,,,,,2015-04-28,38.25
,,,,,,,,2015-04-29,41.375
,,,,,,,,2015-04-30,48.41666666666666
26.8,33.8,20.1,-,61,6.9,1.9,3.5,2015-05-01,48.125
24.5,33.8,20.4,-,73,6.9,2.2,7.6,2015-05-02,56.25
25.7,33.3,20,-,65,6.9,1.9,7.6,2015-05-03,103.41666666666669
,,,,,,,,2015-05-04,76.5
,,,,,,,,2015-05-05,136.25
,,,,,,,,2015-05-06,117.91666666666669
26.6,30.8,22.2,-,68,6.9,1.3,3.5,2015-05-07,76.875
27.7,33.4,22.2,-,61,6.9,2,5.4,2015-05-08,86.375
25.9,33.4,23.3,-,62,6,3.1,7.6,2015-05-09,77.70833333333333
,,,,,,,,2015-05-10,73.41666666666667
,,,,,,,,2015-05-11,74.75
,,,,,,,,2015-05-12,73.66666666666667
24.2,32,21.9,-,71,6.9,0.2,1.9,2015-05-13,48.5
24.9,29.6,21.6,-,71,6.9,1.9,3.5,2015-05-14,55.083333333333336
24.9,31.2,22.2,-,77,6.3,3.1,7.6,2015-05-15,67.45833333333333
,,,,,,,,2015-05-16,75.04166666666667
,,,,,,,,2015-05-17,63.958333333333336
,,,,,,,,2015-05-18,32.583333333333336
24.8,32,20.2,-,78,6.3,4.6,11.1,2015-05-19,18.875
26.3,33,19.1,-,76,6.9,5.2,7.6,2015-05-20,61.5
26.6,33,22.5,-,75,6.9,7.6,18.3,2015-05-21,68.91666666666667
,,,,,,,,2015-05-22,42.125
,,,,,,,,2015-05-23,43.125
,,,,,,,,2015-05-24,60.75
27.3,33.3,22.3,-,63,6.3,5.6,9.4,2015-05-25,77.375
27.1,33,22.3,-,66,6.3,5.2,9.4,2015-05-26,63.91666666666666
25.2,32.2,19.2,-,72,6.9,6.5,9.4,2015-05-27,63.66666666666666
,,,,,,,,2015-05-28,139.125
,,,,,,,,2015-05-29,60.083333333333336
,,,,,,,,2015-05-30,81.5
24.2,32.2,19.9,-,81,6.6,5.4,9.4,2015-05-31,63.625
24.3,31,19.9,-,77,6.6,3.7,7.6,2015-06-01,25.45833333333333
24.5,31,20.7,-,78,6.9,4.8,7.6,2015-06-02,20.75
24.6,30.5,21.2,-,81,6.9,2.4,5.4,2015-06-03,40.5
,,,,,,,,2015-06-04,70.08333333333333
,,,,,,,,2015-06-05,108.66666666666669
,,,,,,,,2015-06-06,76.25
26.2,32,21.6,-,65,6.9,7.4,14.8,2015-06-07,64.83333333333333
25.4,31.2,21.3,-,72,6.9,7.8,14.8,2015-06-08,63.0
24.7,31.2,21.2,-,76,6.9,6.3,9.4,2015-06-09,73.83333333333333
,,,,,,,,2015-06-10,29.5
,,,,,,,,2015-06-11,56.375
,,,,,,,,2015-06-12,30.375
23.7,29.7,20.5,-,80,6.9,5,7.6,2015-06-13,31.875
22.6,29.7,20.1,-,84,6.9,5.7,11.1,2015-06-14,54.958333333333336
24.1,29,19.8,-,72,5.8,5.4,11.1,2015-06-15,77.75
,,,,,,,,2015-06-16,82.0
,,,,,,,,2015-06-17,87.875
,,,,,,,,2015-06-18,92.54166666666669
23.1,27.4,21.2,-,83,5.5,8.1,14.8,2015-06-19,75.33333333333333
23.2,28.3,20.8,-,80,6.3,12,16.5,2015-06-20,32.583333333333336
22.7,28.3,20.6,-,85,5.5,6.9,11.1,2015-06-21,28.375
,,,,,,,,2015-06-22,28.125
,,,,,,,,2015-06-23,52.833333333333336
,,,,,,,,2015-06-24,93.41666666666669
24.5,30.6,21.1,-,78,6.9,8.3,11.1,2015-06-25,28.541666666666668
23.7,30.6,21.4,-,81,6.9,8.9,11.1,2015-06-26,51.04166666666666
24.1,29,20.4,-,76,6.9,12.2,18.3,2015-06-27,40.0
,,,,,,,,2015-06-28,52.458333333333336
,,,,,,,,2015-06-29,30.541666666666668
,,,,,,,,2015-06-30,37.625
24.6,30.7,20.6,-,71,6.9,5.2,7.6,2015-07-01,37.583333333333336
24.2,30.3,20.4,-,75,6.3,8.1,14.8,2015-07-02,37.625
24.6,30.2,20.4,-,76,6.3,5.7,7.6,2015-07-03,34.375
,,,,,,,,2015-07-04,71.29166666666667
,,,,,,,,2015-07-05,111.08333333333331
,,,,,,,,2015-07-06,32.0
23.7,30.7,19.3,-,74,6.9,6.9,11.1,2015-07-07,42.29166666666666
23.8,30.6,20.2,-,76,6.9,6.7,14.8,2015-07-08,45.66666666666666
24,29.2,20.8,-,78,6.3,6.9,11.1,2015-07-09,40.625
,,,,,,,,2015-07-10,28.25
,,,,,,,,2015-07-11,20.5
,,,,,,,,2015-07-12,19.0
25.4,31.6,20.8,-,71,6.9,6.5,11.1,2015-07-13,26.875
25.2,31.6,21.4,-,73,6.9,6.5,11.1,2015-07-14,30.70833333333333
23.9,30,21.2,-,77,6.9,7.8,11.1,2015-07-15,10.208333333333334
,,,,,,,,2015-07-16,0.0
,,,,,,,,2015-07-17,25.08333333333333
,,,,,,,,2015-07-18,47.5
21.8,29.8,20,-,86,4.8,8.1,14.8,2015-07-19,43.04166666666666
22.6,29,18.8,-,84,5.3,6.1,9.4,2015-07-20,19.416666666666668
22.4,29,20.1,-,88,5.5,4.3,9.4,2015-07-21,8.416666666666666
,,,,,,,,2015-07-22,20.916666666666668
,,,,,,,,2015-07-23,19.75
,,,,,,,,2015-07-24,15.75
23.2,28.1,20.1,-,83,6.9,6.1,11.1,2015-07-25,0.0
23.3,27.8,20.4,-,79,6.9,6.3,9.4,2015-07-26,0.0
23.4,28,20.8,-,79,5.5,8.3,11.1,2015-07-27,4.833333333333333
,,,,,,,,2015-07-28,8.291666666666666
,,,,,,,,2015-07-29,9.333333333333334
,,,,,,,,2015-07-30,5.041666666666667
23.9,29.9,20,-,76,6.9,5,7.6,2015-07-31,15.375
23.7,30.3,20.6,-,76,6.9,5.2,7.6,2015-08-01,19.83333333333333
24,30.3,20.6,-,75,6.9,6.5,9.4,2015-08-02,25.791666666666668
23.6,28.8,21,-,77,6.3,5.9,11.1,2015-08-03,22.70833333333333
,,,,,,,,2015-08-04,27.125
,,,,,,,,2015-08-05,42.458333333333336
,,,,,,,,2015-08-06,35.5
22.6,29.3,20.3,-,83,5.5,5.7,9.4,2015-08-07,31.33333333333333
23.6,28.5,20.4,-,79,6.3,6.1,7.6,2015-08-08,47.41666666666666
23.3,28.5,20.6,-,80,6.9,3.7,7.6,2015-08-09,33.791666666666664
,,,,,,,,2015-08-10,54.875
,,,,,,,,2015-08-11,49.625
,,,,,,,,2015-08-12,35.041666666666664
23.4,27.6,20,-,83,6.9,5.6,9.4,2015-08-13,39.04166666666666
24.6,29.4,20.7,-,77,6.3,4.8,9.4,2015-08-14,41.708333333333336
25.2,31.1,20.5,-,72,6.9,5.2,9.4,2015-08-15,28.75
,,,,,,,,2015-08-16,31.0
,,,,,,,,2015-08-17,37.79166666666666
,,,,,,,,2015-08-18,34.041666666666664
25.6,31.2,22.3,-,79,6.9,3.3,5.4,2015-08-19,12.25
25.3,31.6,22.4,-,74,6.3,3.9,9.4,2015-08-20,14.5
23.4,31.6,21,-,80,6.9,3.3,11.1,2015-08-21,23.916666666666668
,,,,,,,,2015-08-22,26.45833333333333
,,,,,,,,2015-08-23,25.33333333333333
,,,,,,,,2015-08-24,24.20833333333333
24.4,29.6,19.7,-,67,6.9,3.1,7.6,2015-08-25,27.375
23.8,30.1,19.6,-,71,6.3,3.9,7.6,2015-08-26,29.20833333333333
22.5,30.1,20.3,-,86,6.3,4.6,7.6,2015-08-27,36.5
,,,,,,,,2015-08-28,57.25
,,,,,,,,2015-08-29,38.66666666666666
,,,,,,,,2015-08-30,28.5
25.1,29.7,20.8,-,69,6.9,4.3,5.4,2015-08-31,27.83333333333333
25.5,31,21.1,-,66,7.7,3.1,5.4,2015-09-01,44.125
25.4,31,21.6,-,67,6.9,2.8,5.4,2015-09-02,62.25
25.7,31.7,22,-,70,6.6,2,3.5,2015-09-03,60.125
,,,,,,,,2015-09-04,54.25
,,,,,,,,2015-09-05,43.083333333333336
,,,,,,,,2015-09-06,37.41666666666666
22.4,30.8,20,-,87,6,3,5.4,2015-09-07,34.666666666666664
23,28.5,19.8,-,82,6.9,5.9,7.6,2015-09-08,39.208333333333336
22.9,27.6,20.5,-,82,6.9,5.6,9.4,2015-09-09,38.708333333333336
,,,,,,,,2015-09-10,31.375
,,,,,,,,2015-09-11,16.583333333333332
,,,,,,,,2015-09-12,66.83333333333333
23.7,29.7,19.3,-,75,7.7,5.6,9.4,2015-09-13,69.95833333333333
23.5,29.7,19.4,-,76,6.3,7.8,11.1,2015-09-14,94.375
23.1,28,19.3,-,75,6.3,9.4,18.3,2015-09-15,85.75
,,,,,,,,2015-09-16,80.66666666666667
,,,,,,,,2015-09-17,93.66666666666669
,,,,,,,,2015-09-18,39.5
24.2,29.4,20.2,-,76,6.3,3.7,11.1,2015-09-19,51.66666666666666
22.9,29.4,20.4,-,83,5.5,6.3,11.1,2015-09-20,39.41666666666666
23.6,29.4,19.2,-,77,6.9,2.8,7.6,2015-09-21,23.95833333333333
,,,,,,,,2015-09-22,19.916666666666668
,,,,,,,,2015-09-23,11.5
,,,,,,,,2015-09-24,32.958333333333336
24.3,33.2,18.7,-,76,6.9,1.3,3.5,2015-09-25,43.5
23.2,30.3,20,-,82,6.9,2.2,5.4,2015-09-26,50.41666666666666
23.8,31.6,20.2,-,78,6,2.4,5.4,2015-09-27,55.708333333333336
,,,,,,,,2015-09-28,47.083333333333336
,,,,,,,,2015-09-29,51.458333333333336
,,,,,,,,2015-09-30,35.541666666666664
24.5,30,21,-,77,6.9,2,5.4,2015-10-01,57.125
24.6,30,21.7,-,78,6.3,3.5,5.4,2015-10-02,69.375
24.7,29.8,21.3,-,77,6.9,3.9,9.4,2015-10-03,65.375
,,,,,,,,2015-10-04,75.625
,,,,,,,,2015-10-05,88.95833333333333
,,,,,,,,2015-10-06,93.25
24.2,30.2,20.3,-,79,6.9,3.9,9.4,2015-10-07,112.29166666666669
24,30.2,20.9,-,77,6.9,3.5,5.4,2015-10-08,97.70833333333331
24.3,29.4,20.6,-,75,6.9,7.2,11.1,2015-10-09,80.70833333333333
,,,,,,,,2015-10-10,69.25
,,,,,,,,2015-10-11,55.91666666666666
,,,,,,,,2015-10-12,62.708333333333336
25.1,31,21.2,-,62,6.9,1.9,3.5,2015-10-13,81.625
25.1,32.1,19.6,-,52,6.9,2.2,3.5,2015-10-14,65.375
25.2,32.1,19.7,-,59,6.9,0.7,3.5,2015-10-15,84.375
,,,,,,,,2015-10-16,115.875
,,,,,,,,2015-10-17,140.16666666666666
,,,,,,,,2015-10-18,175.375
25.6,31.8,20.6,-,62,6.9,3.5,5.4,2015-10-19,141.95833333333334
25.5,31.4,21.5,-,63,5.5,2,5.4,2015-10-20,153.375
24.9,30.6,21.4,-,61,6.3,2,5.4,2015-10-21,162.875
,,,,,,,,2015-10-22,115.70833333333331
,,,,,,,,2015-10-23,100.625
,,,,,,,,2015-10-24,91.125
24.2,31.8,17.8,-,60,6.3,3.5,5.4,2015-10-25,0.0
24.4,29.8,20,-,62,6.9,3,5.4,2015-10-26,49.333333333333336
24.4,29.6,20.6,-,67,6.9,0.9,3.5,2015-10-27,107.33333333333331
,,,,,,,,2015-10-28,80.16666666666667
,,,,,,,,2015-10-29,84.04166666666667
,,,,,,,,2015-10-30,97.25
24.7,30.8,20.6,-,72,7.7,1.3,3.5,2015-10-31,273.625
23.4,29.5,21.7,-,83,6.3,0,-,2015-11-01,256.9583333333333
23.1,30.9,20,-,83,5.5,1.1,5.4,2015-11-02,185.08333333333331
21.8,30.9,19.5,-,87,6.3,1.5,5.4,2015-11-03,249.5
,,,,,,,,2015-11-04,269.5833333333333
,,,,,,,,2015-11-05,135.375
,,,,,,,,2015-11-06,166.16666666666666
23.7,28.5,20.8,-,69,6.6,1.5,3.5,2015-11-07,365.75
23,28.5,19.3,-,76,6.3,0.9,3.5,2015-11-08,241.875
20.2,27.3,18.4,-,92,4,3.5,5.4,2015-11-09,176.875
,,,,,,,,2015-11-10,205.0
,,,,,,,,2015-11-11,113.625
,,,,,,,,2015-11-12,296.875
19.3,24.6,17,-,88,6.3,0.7,3.5,2015-11-13,353.0416666666667
20.2,24.8,16.1,-,75,5.5,0.9,3.5,2015-11-14,257.4166666666667
19.1,24.8,17.7,-,89,4,2,5.4,2015-11-15,204.75
,,,,,,,,2015-11-16,160.95833333333334
,,,,,,,,2015-11-17,130.75
,,,,,,,,2015-11-18,174.79166666666666
21.7,24.6,19.5,-,90,4,1.9,3.5,2015-11-19,207.83333333333331
22,26.4,19.8,-,87,5.8,2.2,5.4,2015-11-20,268.1666666666667
21.9,26.4,19.6,-,85,6.9,2,5.4,2015-11-21,278.3333333333333
,,,,,,,,2015-11-22,256.7083333333333
,,,,,,,,2015-11-23,279.5833333333333
,,,,,,,,2015-11-24,280.2083333333333
21.4,27.5,17.5,-,66,6.9,0.2,1.9,2015-11-25,157.5
22.6,28,17.7,-,74,6.3,0,-,2015-11-26,156.375
22.7,28.9,18.6,-,64,6.9,1.3,3.5,2015-11-27,200.5
,,,,,,,,2015-11-28,267.0416666666667
,,,,,,,,2015-11-29,272.0833333333333
,,,,,,,,2015-11-30,337.125
21.1,23.8,19.8,-,91,6.3,0.7,5.4,2015-12-01,212.125
21,23.9,19.6,-,93,6.3,0.9,3.5,2015-12-02,190.5
21.5,24.9,18.9,-,87,6.9,0.9,3.5,2015-12-03,236.41666666666663
,,,,,,,,2015-12-04,187.875
,,,,,,,,2015-12-05,252.54166666666663
,,,,,,,,2015-12-06,312.625
22.3,28.7,17.5,-,70,6.3,1.3,5.4,2015-12-07,286.375
21.5,28.7,17,-,68,6.3,2.2,5.4,2015-12-08,288.0833333333333
21.4,28.2,18.4,-,83,5.8,1.1,3.5,2015-12-09,302.4583333333333
,,,,,,,,2015-12-10,261.25
,,,,,,,,2015-12-11,269.125
,,,,,,,,2015-12-12,249.95833333333331
24.1,30.9,20.4,-,70,6.9,2,5.4,2015-12-13,163.0
23.6,30.9,19.6,-,79,6.3,2.8,5.4,2015-12-14,161.375
23.3,29.9,20,-,71,6.3,1.9,3.5,2015-12-15,157.375
,,,,,,,,2015-12-16,162.875
,,,,,,,,2015-12-17,244.16666666666663
,,,,,,,,2015-12-18,239.79166666666663
22.4,28.3,18.9,-,71,6.3,2.2,5.4,2015-12-19,245.91666666666663
22.2,28.4,18.8,-,73,6.9,1.9,5.4,2015-12-20,264.5833333333333
22.2,28.8,18.3,-,65,6.9,2.4,5.4,2015-12-21,253.29166666666663
,,,,,,,,2015-12-22,338.625
,,,,,,,,2015-12-23,431.8333333333333
,,,,,,,,2015-12-24,215.25
21.8,29.3,16.3,-,65,6.3,1.5,3.5,2015-12-25,181.20833333333331
21.8,28.2,18.2,-,67,6,2.4,5.4,2015-12-26,210.875
21.8,27.7,17.9,-,72,5.3,2.8,5.4,2015-12-27,255.33333333333331
,,,,,,,,2015-12-28,199.91666666666663
,,,,,,,,2015-12-29,190.5
,,,,,,,,2015-12-30,199.58333333333331
-,-,-,-,-,-,-,-,2015-12-31,137.5
20.1,28.4,15.7,-,54,6,3,5.4,2013-01-01,284.7958333333333
20.8,28.3,12.9,-,45,6.3,1.1,5.4,2013-01-02,219.72083333333333
21.4,29,13.7,-,45,6.3,0.4,3.5,2013-01-03,182.1875
,,,,,,,,2013-01-04,115.2875
,,,,,,,,2013-01-05,0.0
,,,,,,,,2013-01-06,12.379166666666668
21,28.7,17,-,65,6.3,3.1,5.4,2013-01-07,154.0375
20.4,27.6,16.2,-,61,5.5,1.3,5.4,2013-01-08,223.20833333333331
20.7,28.4,15.1,-,47,6.3,0.9,3.5,2013-01-09,200.64583333333331
,,,,,,,,2013-01-10,154.875
,,,,,,,,2013-01-11,129.38750000000002
,,,,,,,,2013-01-12,224.2458333333333
20.3,28.5,15.7,-,51,6.3,0.7,3.5,2013-01-13,285.225
21.1,27.2,15,-,51,6.3,3.5,5.4,2013-01-14,236.825
20.6,28.2,15.2,-,58,6.3,3.1,5.4,2013-01-15,276.90833333333336
,,,,,,,,2013-01-16,245.65
,,,,,,,,2013-01-17,218.67083333333332
,,,,,,,,2013-01-18,47.825
21.4,28.4,17.8,-,73,4.8,3,5.4,2013-01-19,108.0
21.2,25.9,19.4,-,88,4,1.3,3.5,2013-01-20,107.625
22.6,27.4,19,-,78,5.3,2.8,7.6,2013-01-21,125.89166666666668
,,,,,,,,2013-01-22,179.3083333333333
,,,,,,,,2013-01-23,239.85
,,,,,,,,2013-01-24,220.1916666666667
22.9,29.2,18.5,-,70,5.5,2.6,7.6,2013-01-25,181.0125
23.1,28.9,18.9,-,68,6.3,0.9,3.5,2013-01-26,152.55416666666667
23.4,29.3,19,-,66,4.8,1.1,3.5,2013-01-27,152.32083333333333
,,,,,,,,2013-01-28,171.42916666666667
,,,,,,,,2013-01-29,251.375
,,,,,,,,2013-01-30,251.82916666666665
23.1,30.7,16.4,-,43,6.3,1.5,5.4,2013-01-31,319.7375
23.3,31.4,16.4,-,36,6.9,0.9,3.5,2013-02-01,332.7083333333333
23.7,31.9,16.3,-,35,6.9,0.9,3.5,2013-02-02,279.6
23.6,32.2,16.2,-,44,6.3,1.5,5.4,2013-02-03,179.11666666666667
,,,,,,,,2013-02-04,166.29999999999998
,,,,,,,,2013-02-05,78.25416666666666
,,,,,,,,2013-02-06,54.958333333333336
23.2,31.2,17.3,-,61,5.6,1.1,3.5,2013-02-07,54.79166666666666
25.2,30.5,19.2,-,50,6.9,1.5,37,2013-02-08,93.375
24.3,31.7,18.6,-,50,6.3,0.4,3.5,2013-02-09,103.0
,,,,,,,,2013-02-10,211.125
,,,,,,,,2013-02-11,192.29166666666663
,,,,,,,,2013-02-12,152.0
24.8,31.9,19.5,-,49,5.5,2.4,3.5,2013-02-13,132.20833333333334
24,32.1,19,-,48,6.3,2.2,5.4,2013-02-14,127.70833333333331
23.1,31.2,17.3,-,54,6.6,2.8,5.4,2013-02-15,109.33333333333331
,,,,,,,,2013-02-16,0.0
,,,,,,,,2013-02-17,0.0
,,,,,,,,2013-02-18,0.0
24.8,29.9,18,-,44,6.9,1.3,3.5,2013-02-19,56.458333333333336
26.2,32.5,19.6,-,50,6.9,1.9,3.5,2013-02-20,135.83333333333334
26.9,33.2,20.2,-,50,7.4,0.6,3.5,2013-02-21,122.5
,,,,,,,,2013-02-22,119.33333333333331
,,,,,,,,2013-02-23,67.125
,,,,,,,,2013-02-24,46.708333333333336
26.4,33.4,22.3,-,59,5.5,3,5.4,2013-02-25,69.66666666666667
24.9,33.5,20.5,-,58,6.3,2.4,5.4,2013-02-26,79.83333333333333
24.9,31.3,18.7,-,51,6.9,2.4,5.4,2013-02-27,62.708333333333336
,,,,,,,,2013-02-28,81.04166666666667
,,,,,,,,2013-03-01,21.20833333333333
24.6,30.7,18.9,-,55,6.9,2.8,5.4,2013-03-02,1.9166666666666667
24.6,31.5,19.7,-,52,6.9,2.8,5.4,2013-03-03,1.8333333333333333
25.3,31.7,19.6,-,49,6.3,3.1,5.4,2013-03-04,1.7916666666666667
,,,,,,,,2013-03-05,31.625
,,,,,,,,2013-03-06,112.08333333333331
,,,,,,,,2013-03-07,105.83333333333331
25.4,33.4,18.7,-,46,6.9,1.9,3.5,2013-03-08,117.58333333333331
25.7,33.2,18.8,-,43,6.3,1.5,5.4,2013-03-09,122.70833333333331
26.7,34.3,19.5,-,44,6.9,0.6,3.5,2013-03-10,76.54166666666667
,,,,,,,,2013-03-11,159.08333333333334
,,,,,,,,2013-03-12,147.95833333333334
,,,,,,,,2013-03-13,111.95833333333331
27.8,35.4,22.7,-,57,6.3,2.4,5.4,2013-03-14,59.208333333333336
28.3,34.3,24.4,-,58,5.5,3.9,7.6,2013-03-15,77.20833333333333
26.2,34.4,22.4,-,66,6.3,2.2,3.5,2013-03-16,87.83333333333333
,,,,,,,,2013-03-17,90.04166666666667
,,,,,,,,2013-03-18,63.91666666666666
,,,,,,,,2013-03-19,98.70833333333331
29,35.2,23.3,-,46,7.4,3.1,3.5,2013-03-20,123.70833333333331
28.8,35.4,23.5,-,41,6.9,0.4,3.5,2013-03-21,64.79166666666667
29.2,36,24.7,-,45,6.9,1.1,3.5,2013-03-22,62.875
,,,,,,,,2013-03-23,88.375
,,,,,,,,2013-03-24,77.66666666666667
,,,,,,,,2013-03-25,52.333333333333336
27.8,35.8,22.8,-,40,6.9,3,5.4,2013-03-26,52.04166666666666
27.7,35,21.2,-,33,6.9,1.3,3.5,2013-03-27,128.33333333333334
27.8,35.1,20.7,-,33,6.9,2.8,5.4,2013-03-28,87.58333333333333
,,,,,,,,2013-03-29,2.9166666666666665
,,,,,,,,2013-03-30,0.0
,,,,,,,,2013-03-31,0.0
28,35,23,-,44,6.9,1.3,3.5,2013-04-01,23.20833333333333
28.3,34.8,23.2,-,43,7.7,0.4,3.5,2013-04-02,15.166666666666666
28.4,35.3,23.5,-,46,6.9,1.1,3.5,2013-04-03,21.25
28.6,35.5,23.8,-,46,6.9,2.2,5.4,2013-04-04,25.75
,,,,,,,,2013-04-05,52.41666666666666
,,,,,,,,2013-04-06,89.0
,,,,,,,,2013-04-07,81.83333333333333
29,35.4,24.3,-,53,7.4,1.9,5.4,2013-04-08,105.33333333333331
28.7,36.3,23.1,-,60,6.9,1.3,3.5,2013-04-09,117.75
28.6,35.3,24.5,-,55,6.9,2.8,3.5,2013-04-10,20.791666666666668
,,,,,,,,2013-04-11,64.79166666666667
,,,,,,,,2013-04-12,87.375
,,,,,,,,2013-04-13,84.5
30.4,37.2,25.1,-,50,6.9,2.8,7.6,2013-04-14,46.91666666666666
31.2,37,25.4,-,45,6.9,2.2,7.6,2013-04-15,104.625
30.7,37.4,25.8,-,49,7.7,3,5.4,2013-04-16,109.625
,,,,,,,,2013-04-17,63.458333333333336
,,,,,,,,2013-04-18,77.04166666666667
,,,,,,,,2013-04-19,110.875
29.8,36.6,24.6,-,51,6.9,2.4,5.4,2013-04-20,42.958333333333336
30.4,36.8,24.8,-,49,6.9,2.8,5.4,2013-04-21,0.0
30.3,37,24.3,-,46,6.9,3.1,7.6,2013-04-22,30.875
,,,,,,,,2013-04-23,75.58333333333333
,,,,,,,,2013-04-24,106.95833333333331
,,,,,,,,2013-04-25,120.875
27.5,39.2,23.2,-,64,6.9,1.1,5.4,2013-04-26,79.91666666666667
29,37.1,22.8,-,48,7.7,1.5,5.4,2013-04-27,0.0
29.6,35.5,23.4,-,39,6.9,2.2,7.6,2013-04-28,0.0
,,,,,,,,2013-04-29,0.0
,,,,,,,,2013-04-30,38.5
,,,,,,,,2013-05-01,94.75
30.5,36.6,24.4,-,41,6.9,1.3,3.5,2013-05-02,142.5
29.3,37.3,24.7,-,51,6.9,3,5.4,2013-05-03,133.375
29.8,36.6,24.5,-,47,7.7,2.2,3.5,2013-05-04,102.41666666666669
,,,,,,,,2013-05-05,101.75
,,,,,,,,2013-05-06,117.95833333333331
,,,,,,,,2013-05-07,147.83333333333334
27.2,34.6,21,-,62,6.3,0.7,5.4,2013-05-08,158.29166666666666
25.6,33.7,21.4,-,72,6.3,3.1,9.4,2013-05-09,149.58333333333334
27.4,34,21,-,58,6.9,0.4,3.5,2013-05-10,107.29166666666669
,,,,,,,,2013-05-11,96.25
,,,,,,,,2013-05-12,76.25
,,,,,,,,2013-05-13,101.5
28.3,34.6,22.3,-,57,6.9,0.2,1.9,2013-05-14,106.5
28.9,34.6,23.5,-,58,6.9,0.9,3.5,2013-05-15,128.125
28.8,35.1,24.6,-,51,6.9,0,-,2013-05-16,108.0
,,,,,,,,2013-05-17,125.625
,,,,,,,,2013-05-18,137.16666666666666
,,,,,,,,2013-05-19,101.95833333333331
24.6,28.9,20,-,78,6.9,3.9,5.4,2013-05-20,98.41666666666669
25.3,30,19.6,-,78,6.9,5.6,9.4,2013-05-21,94.375
26.1,32.2,20.9,-,70,6.6,5,7.6,2013-05-22,118.5
,,,,,,,,2013-05-23,89.54166666666667
,,,,,,,,2013-05-24,87.25
,,,,,,,,2013-05-25,107.625
27.6,34,22.8,-,63,6.9,4.8,7.6,2013-05-26,110.41666666666669
27.9,33.2,22.2,-,63,6.9,3.7,7.6,2013-05-27,95.83333333333331
26.5,33.8,23.2,-,70,6.9,3,7.6,2013-05-28,93.5
,,,,,,,,2013-05-29,97.625
,,,,,,,,2013-05-30,76.95833333333333
,,,,,,,,2013-05-31,72.25
25.3,31.2,22.2,-,76,6.9,3.9,7.6,2013-06-01,38.66666666666666
25.4,31.5,21.5,-,75,6.9,5,7.6,2013-06-02,45.375
24.4,33.3,21,-,82,6.9,3.9,5.4,2013-06-03,65.16666666666667
25.5,30.2,21,-,78,6.9,3.9,7.6,2013-06-04,67.08333333333333
,,,,,,,,2013-06-05,80.04166666666667
,,,,,,,,2013-06-06,74.16666666666667
,,,,,,,,2013-06-07,66.08333333333333
25.7,31.4,21.6,-,79,6.9,3.5,5.4,2013-06-08,77.66666666666667
24.5,30.9,22,-,81,6.3,5.2,7.6,2013-06-09,70.25
24.6,30.4,21.4,-,77,7.7,5.2,7.6,2013-06-10,75.125
,,,,,,,,2013-06-11,37.16666666666666
,,,,,,,,2013-06-12,57.375
,,,,,,,,2013-06-13,56.29166666666666
22.5,29.6,20.6,-,86,6.9,5.6,7.6,2013-06-14,77.0
23.6,27.7,20.1,-,75,6.9,5.6,11.1,2013-06-15,32.958333333333336
23.7,29.2,20.7,-,74,6.9,4.6,11.1,2013-06-16,40.833333333333336
,,,,,,,,2013-06-17,42.54166666666666
,,,,,,,,2013-06-18,93.08333333333331
,,,,,,,,2013-06-19,80.625
23.7,28.2,20.8,-,78,6.9,4.1,7.6,2013-06-20,90.70833333333331
23.3,29.9,20,-,82,6.3,5,7.6,2013-06-21,97.29166666666669
22.7,28.5,20.4,-,82,6.9,4.6,7.6,2013-06-22,79.83333333333333
,,,,,,,,2013-06-23,87.75
,,,,,,,,2013-06-24,63.5
,,,,,,,,2013-06-25,50.708333333333336
21.2,27.5,19.3,-,85,6.3,5.9,7.6,2013-06-26,40.375
23.3,26.5,19.7,-,78,6.9,5.6,7.6,2013-06-27,49.41666666666666
22.5,28.2,20.8,-,84,6.9,5.7,7.6,2013-06-28,43.66666666666666
,,,,,,,,2013-06-29,52.16666666666666
,,,,,,,,2013-06-30,49.583333333333336
,,,,,,,,2013-07-01,61.875
23.2,27.6,20.2,-,80,6.3,8.3,11.1,2013-07-02,0.0
23.8,28.2,19.9,-,76,6.9,8.1,11.1,2013-07-03,29.666666666666668
23.6,28.8,20.2,-,78,6.3,9.1,11.1,2013-07-04,47.75
,,,,,,,,2013-07-05,37.708333333333336
,,,,,,,,2013-07-06,33.083333333333336
,,,,,,,,2013-07-07,49.125
23.6,26.7,20.3,-,78,6.3,8.7,11.1,2013-07-08,43.66666666666666
22.7,27.4,20.6,-,85,5.5,8.1,11.1,2013-07-09,29.83333333333333
22.1,26.4,20.1,-,83,5.5,9.1,14.8,2013-07-10,29.666666666666668
,,,,,,,,2013-07-11,56.708333333333336
,,,,,,,,2013-07-12,39.25
,,,,,,,,2013-07-13,35.208333333333336
23.8,28.1,20.1,-,71,7.4,10.9,18.3,2013-07-14,37.625
25,29.5,19.7,-,70,6.9,6.1,11.1,2013-07-15,41.458333333333336
24.8,30.7,21.5,-,73,6.9,4.8,7.6,2013-07-16,53.125
,,,,,,,,2013-07-17,54.875
,,,,,,,,2013-07-18,65.75
,,,,,,,,2013-07-19,38.583333333333336
22.9,28.3,20,-,77,6.3,4.1,7.6,2013-07-20,36.0
22.6,28.4,20.1,-,81,6.3,5,7.6,2013-07-21,70.58333333333333
21.9,27.7,19.6,-,82,7.7,5.7,11.1,2013-07-22,52.458333333333336
,,,,,,,,2013-07-23,36.583333333333336
,,,,,,,,2013-07-24,45.583333333333336
,,,,,,,,2013-07-25,33.166666666666664
23.9,29,20.4,-,81,6.9,4.6,9.4,2013-07-26,38.25
23.3,30.3,20.1,-,84,6.3,3.1,5.4,2013-07-27,26.58333333333333
24.1,29.1,20.7,-,82,6.3,3.3,7.6,2013-07-28,57.583333333333336
,,,,,,,,2013-07-29,30.70833333333333
,,,,,,,,2013-07-30,35.375
,,,,,,,,2013-07-31,15.416666666666666
22.4,26,19.4,-,82,6.9,6.1,7.6,2013-08-01,41.375
22.2,27,19.8,-,78,6.3,7.4,11.1,2013-08-02,25.541666666666668
22.9,27.2,19.3,-,71,8.5,8.3,11.1,2013-08-03,28.375
22.1,27.6,19.1,-,76,6.9,9.8,14.8,2013-08-04,40.333333333333336
,,,,,,,,2013-08-05,39.333333333333336
,,,,,,,,2013-08-06,41.833333333333336
,,,,,,,,2013-08-07,50.333333333333336
23.3,28.3,20,-,75,6.9,7,9.4,2013-08-08,35.375
23.5,28.2,20,-,76,6.9,8,11.1,2013-08-09,31.916666666666668
23.8,27.8,20.5,-,73,7.7,6.7,11.1,2013-08-10,36.79166666666666
,,,,,,,,2013-08-11,33.291666666666664
,,,,,,,,2013-08-12,35.5
,,,,,,,,2013-08-13,35.291666666666664
24,29,20.6,-,77,6.3,5.9,11.1,2013-08-14,26.83333333333333
22.9,28.2,20,-,77,6.9,4.1,5.4,2013-08-15,21.125
23.5,28.8,19.5,-,74,7.7,5.9,9.4,2013-08-16,18.0
,,,,,,,,2013-08-17,28.041666666666668
,,,,,,,,2013-08-18,34.875
,,,,,,,,2013-08-19,35.708333333333336
23.9,29,20.3,-,71,6.9,6.7,9.4,2013-08-20,43.583333333333336
24.4,30.2,20.4,-,71,6.9,5,9.4,2013-08-21,46.04166666666666
24.3,30.1,20.4,-,74,6.9,4.1,5.4,2013-08-22,28.75
,,,,,,,,2013-08-23,70.54166666666667
,,,,,,,,2013-08-24,58.54166666666666
,,,,,,,,2013-08-25,82.875
23.1,29.3,21,-,77,6.3,4.1,7.6,2013-08-26,64.91666666666667
23.8,28.2,19.9,-,76,5.5,6.9,11.1,2013-08-27,30.666666666666668
23.3,28.7,21.2,-,79,6.9,5,7.6,2013-08-28,31.75
,,,,,,,,2013-08-29,41.04166666666666
,,,,,,,,2013-08-30,45.25
,,,,,,,,2013-08-31,34.416666666666664
22.4,27.2,20.4,-,87,5.5,5.4,7.6,2013-09-01,33.166666666666664
23.2,26.6,20,-,82,7.4,5,7.6,2013-09-02,30.625
22.6,26.7,20.6,-,82,6.3,5.2,7.6,2013-09-03,30.33333333333333
23.7,27.2,20.4,-,75,6.9,6.1,11.1,2013-09-04,31.75
,,,,,,,,2013-09-05,34.208333333333336
,,,,,,,,2013-09-06,11.625
,,,,,,,,2013-09-07,0.0
23.1,27.2,18.8,-,69,7.7,4.3,5.4,2013-09-08,0.0
23.9,28.6,19.3,-,67,6.9,5,7.6,2013-09-09,0.0
24.3,29.4,20.4,-,69,6.3,4.1,7.6,2013-09-10,0.0
,,,,,,,,2013-09-11,0.0
,,,,,,,,2013-09-12,26.166666666666668
,,,,,,,,2013-09-13,76.875
23.6,26.5,20.5,-,75,6.3,5.2,7.6,2013-09-14,83.45833333333333
23.8,27.8,20.4,-,76,6.9,4.6,5.4,2013-09-15,71.66666666666667
22.9,28.6,20.5,-,79,6.3,5.6,9.4,2013-09-16,65.625
,,,,,,,,2013-09-17,53.375
,,,,,,,,2013-09-18,56.083333333333336
,,,,,,,,2013-09-19,69.70833333333333
24.4,29,19.8,-,68,6.9,6.3,11.1,2013-09-20,62.375
23.2,30.6,19.7,-,71,6.9,6.7,9.4,2013-09-21,24.875
22.7,27.4,20.2,-,76,6.9,7.4,11.1,2013-09-22,37.333333333333336
,,,,,,,,2013-09-23,50.125
,,,,,,,,2013-09-24,46.54166666666666
,,,,,,,,2013-09-25,43.958333333333336
22.6,25.8,19.8,-,79,5.5,5,9.4,2013-09-26,41.5
24.1,28,20.5,-,76,6.9,5,7.6,2013-09-27,38.79166666666666
24.3,28.6,20.9,-,75,7.4,6.9,11.1,2013-09-28,48.91666666666666
,,,,,,,,2013-09-29,76.91666666666667
,,,,,,,,2013-09-30,34.458333333333336
,,,,,,,,2013-10-01,30.33333333333333
23.2,29.7,19.6,-,72,6.3,4.6,7.6,2013-10-02,26.666666666666668
23.6,29.5,18.8,-,68,6.3,3.7,7.6,2013-10-03,29.0
25.3,30.7,20.3,-,64,5.5,3.5,5.4,2013-10-04,34.25
,,,,,,,,2013-10-05,62.708333333333336
,,,,,,,,2013-10-06,65.08333333333333
,,,,,,,,2013-10-07,61.708333333333336
24.6,31.6,19.7,-,60,6.3,3,5.4,2013-10-08,60.54166666666666
24.6,30.6,19.8,-,65,6.3,5.2,7.6,2013-10-09,41.583333333333336
23.9,31.3,19.6,-,70,6.3,5,5.4,2013-10-10,50.91666666666666
,,,,,,,,2013-10-11,40.958333333333336
,,,,,,,,2013-10-12,60.66666666666666
,,,,,,,,2013-10-13,80.04166666666667
23.6,29.3,20.1,-,72,5.3,1.5,3.5,2013-10-14,82.83333333333333
24.8,29,21,-,59,6.9,1.3,3.5,2013-10-15,95.25
23.9,30.6,19.4,-,54,6.9,1.9,3.5,2013-10-16,115.83333333333331
,,,,,,,,2013-10-17,149.66666666666666
,,,,,,,,2013-10-18,145.58333333333334
,,,,,,,,2013-10-19,126.16666666666669
25,31.2,18.7,-,48,6.9,0.9,3.5,2013-10-20,136.70833333333334
24.6,31.1,19.1,-,50,6.9,1.5,3.5,2013-10-21,160.66666666666666
24.9,31.2,19.1,-,50,6.3,2.8,3.5,2013-10-22,173.58333333333334
,,,,,,,,2013-10-23,168.625
,,,,,,,,2013-10-24,174.66666666666666
,,,,,,,,2013-10-25,245.66666666666663
24.8,31.3,19.8,-,49,6.3,0.9,3.5,2013-10-26,261.6666666666667
24.2,31,18.4,-,52,6.9,0.7,5.4,2013-10-27,272.4166666666667
25.2,30.8,19.4,-,45,7.4,1.1,3.5,2013-10-28,226.29166666666663
,,,,,,,,2013-10-29,291.7083333333333
,,,,,,,,2013-10-30,207.33333333333331
,,,,,,,,2013-10-31,149.625
24.5,30.7,20.1,-,68,6.3,4.1,5.4,2013-11-01,99.70833333333331
23.7,30.6,20.8,-,72,5.5,2.2,7.6,2013-11-02,217.375
24.1,29.1,20.1,-,66,6.3,2.2,3.5,2013-11-03,309.375
25.2,30,20.9,-,61,6.9,2.6,7.6,2013-11-04,166.91666666666666
,,,,,,,,2013-11-05,429.1666666666667
,,,,,,,,2013-11-06,332.4583333333333
,,,,,,,,2013-11-07,321.5416666666667
24,31.5,18.7,-,49,6.9,2.2,3.5,2013-11-08,278.0
23.4,30.6,18.8,-,48,6.9,3,7.6,2013-11-09,192.33333333333331
22.5,30.3,17.7,-,49,6.9,2.8,7.6,2013-11-10,235.33333333333331
,,,,,,,,2013-11-11,153.29166666666666
-,-,-,-,-,-,-,-,2013-11-12,171.54166666666666
,,,,,,,,2013-11-13,224.16666666666663
,,,,,,,,2013-11-14,196.75
24.1,30.9,20.4,-,68,5.5,4.3,5.4,2013-11-15,221.54166666666663
24.6,30.1,20.3,-,61,6.9,2.6,7.6,2013-11-16,210.54166666666663
24.3,30.4,19.6,-,65,6.9,3.7,7.6,2013-11-17,251.20833333333331
,,,,,,,,2013-11-18,172.83333333333334
,,,,,,,,2013-11-19,166.70833333333334
,,,,,,,,2013-11-20,130.70833333333334
23.3,29.7,18.4,-,57,6.9,3.1,5.4,2013-11-21,194.70833333333331
22.9,30.5,18.1,-,47,6.9,3.5,5.4,2013-11-22,250.875
22.9,31,16.6,-,40,7.7,2.8,3.5,2013-11-23,274.875
,,,,,,,,2013-11-24,207.91666666666663
,,,,,,,,2013-11-25,134.45833333333334
,,,,,,,,2013-11-26,110.0
23.4,31.5,15.9,-,33,7.4,2.2,5.4,2013-11-27,160.0
22.6,31.5,15,-,39,6.9,0.9,3.5,2013-11-28,217.91666666666663
23,32.5,14.2,-,39,6.3,1.3,3.5,2013-11-29,184.20833333333331
,,,,,,,,2013-11-30,130.91666666666666
,,,,,,,,2013-12-01,118.91666666666669
21.6,30,17.6,-,58,6.9,3,3.5,2013-12-02,176.375
21,26.9,18,-,86,5.5,2,5.4,2013-12-03,185.95833333333331
21.1,26.9,18.9,-,88,6.3,4.1,5.4,2013-12-04,195.375
,,,,,,,,2013-12-05,151.04166666666666
,,,,,,,,2013-12-06,170.875
,,,,,,,,2013-12-07,239.125
22.1,28,15,-,59,6.3,2.4,5.4,2013-12-08,365.2916666666667
22.8,29,18.4,-,61,6.6,1.9,5.4,2013-12-09,312.2083333333333
22.6,29.5,16.2,-,42,6.9,1.9,3.5,2013-12-10,237.625
,,,,,,,,2013-12-11,179.33333333333334
,,,,,,,,2013-12-12,122.54166666666669
,,,,,,,,2013-12-13,121.33333333333331
18.9,25,17.7,-,97,4,4.3,5.4,2013-12-14,202.875
20.3,22,18.6,-,90,4,3.9,5.4,2013-12-15,260.1666666666667
21.8,26.5,17.9,-,70,6.3,3.7,7.6,2013-12-16,403.9583333333333
,,,,,,,,2013-12-17,455.5833333333333
,,,,,,,,2013-12-18,382.7083333333333
,,,,,,,,2013-12-19,277.7083333333333
22,28.9,16.7,-,57,6.3,2.8,5.4,2013-12-20,284.1666666666667
21.8,29.4,15.6,-,67,6.9,3.5,5.4,2013-12-21,288.4166666666667
22.6,29,17.7,-,63,5.8,1.3,3.5,2013-12-22,256.8333333333333
,,,,,,,,2013-12-23,175.75
,,,,,,,,2013-12-24,180.79166666666663
,,,,,,,,2013-12-25,166.91666666666666
20.6,30.5,14.7,-,62,6,2.2,3.5,2013-12-26,169.0
21.8,29,14.8,-,46,5.8,1.5,3.5,2013-12-27,186.04166666666663
21.5,30.4,14.9,-,42,6,3,5.4,2013-12-28,185.58333333333331
,,,,,,,,2013-12-29,114.08333333333331
,,,,,,,,2013-12-30,140.45833333333334
,,,,,,,,2013-12-31,108.08333333333331
-,-,-,-,-,-,-,-,,
21,27.6,14.6,-,61,6,2.2,3.5,2013-01-01,284.7958333333333
21.6,27.7,17,-,59,6.8,2,3.5,2013-01-02,219.72083333333333
22.3,29,16.1,-,48,6.9,2.8,3.5,2013-01-03,182.1875
,,,,,,,,2013-01-04,115.2875
,,,,,,,,2013-01-05,0.0
,,,,,,,,2013-01-06,12.379166666666668
20.9,29,16,-,66,5.5,2.2,3.5,2013-01-07,154.0375
20.9,27.8,16,-,62,6.3,3,5.4,2013-01-08,223.20833333333331
21,28.5,15,-,58,6.8,3,5.4,2013-01-09,200.64583333333331
,,,,,,,,2013-01-10,154.875
,,,,,,,,2013-01-11,129.38750000000002
,,,,,,,,2013-01-12,224.2458333333333
21.2,28,16.9,-,66,5.5,2.2,3.5,2013-01-13,285.225
20.7,28.3,17.2,-,61,6.3,2.2,3.5,2013-01-14,236.825
20.7,27.2,15.5,-,61,6.3,3.3,5.4,2013-01-15,276.90833333333336
,,,,,,,,2013-01-16,245.65
,,,,,,,,2013-01-17,218.67083333333332
,,,,,,,,2013-01-18,47.825
20.4,28.2,15.8,-,64,6.3,2.8,7.6,2013-01-19,108.0
21.7,27.6,15.3,-,64,6.3,3.5,5.4,2013-01-20,107.625
21.7,28.9,18.5,-,68,6.3,5.2,11.1,2013-01-21,125.89166666666668
,,,,,,,,2013-01-22,179.3083333333333
,,,,,,,,2013-01-23,239.85
,,,,,,,,2013-01-24,220.1916666666667
22.6,30.3,16.7,-,52,6.3,3.1,5.4,2013-01-25,181.0125
21.9,29.2,18.3,-,75,4,3.7,7.6,2013-01-26,152.55416666666667
22.1,26,19.7,-,79,6.3,3.5,5.4,2013-01-27,152.32083333333333
,,,,,,,,2013-01-28,171.42916666666667
,,,,,,,,2013-01-29,251.375
,,,,,,,,2013-01-30,251.82916666666665
23.9,31.7,18.2,-,54,6.9,2.8,7.6,2013-01-31,319.7375
23.1,32,16,-,46,6.9,3.3,3.5,2013-02-01,332.7083333333333
23.5,31.5,16.4,-,40,7.7,3.1,3.5,2013-02-02,279.6
22.7,31.7,16.7,-,50,6.9,3.1,5.4,2013-02-03,179.11666666666667
,,,,,,,,2013-02-04,166.29999999999998
,,,,,,,,2013-02-05,78.25416666666666
,,,,,,,,2013-02-06,54.958333333333336
23.9,30.9,16.1,-,36,6.9,3.1,5.4,2013-02-07,54.79166666666666
23.8,32.2,16.6,-,37,6.3,3,7.6,2013-02-08,93.375
23.4,32,15.8,-,35,6.9,3.1,5.4,2013-02-09,103.0
,,,,,,,,2013-02-10,211.125
,,,,,,,,2013-02-11,192.29166666666663
,,,,,,,,2013-02-12,152.0
22.1,29.6,15.8,-,54,6.9,4.3,5.4,2013-02-13,132.20833333333334
22.6,28.8,17.4,-,61,6.3,3.5,5.4,2013-02-14,127.70833333333331
23.1,29,17.3,-,45,6.9,3.9,5.4,2013-02-15,109.33333333333331
,,,,,,,,2013-02-16,0.0
,,,,,,,,2013-02-17,0.0
,,,,,,,,2013-02-18,0.0
23.7,31.2,16.8,-,42,6.9,1.5,5.4,2013-02-19,56.458333333333336
24.6,31.8,17.7,-,38,6.3,1.9,3.5,2013-02-20,135.83333333333334
25.9,33.4,19.3,-,41,6.3,2.4,5.4,2013-02-21,122.5
,,,,,,,,2013-02-22,119.33333333333331
,,,,,,,,2013-02-23,67.125
,,,,,,,,2013-02-24,46.708333333333336
26.7,35.5,19,-,31,5.5,1.9,3.5,2013-02-25,69.66666666666667
25.8,34.9,20,-,41,6.9,3.3,5.4,2013-02-26,79.83333333333333
24.3,33.3,19.1,-,36,6.9,4.3,9.4,2013-02-27,62.708333333333336
,,,,,,,,2013-02-28,81.04166666666667
24.2,32.5,16.9,-,29,6.9,3.3,7.6,2013-03-01,21.20833333333333
24.4,32,15.7,-,33,6.9,3.9,5.4,2013-03-02,1.9166666666666667
25.8,32,18.2,-,43,6.9,3,5.4,2013-03-03,1.8333333333333333
,,,,,,,,2013-03-04,1.7916666666666667
,,,,,,,,2013-03-05,31.625
,,,,,,,,2013-03-06,112.08333333333331
26.2,33.1,21.5,-,60,6.9,3,5.4,2013-03-07,105.83333333333331
25.6,33.8,21.1,-,62,6.9,0.4,3.5,2013-03-08,117.58333333333331
26.7,32.5,21.2,-,54,6.9,2.8,5.4,2013-03-09,122.70833333333331
,,,,,,,,2013-03-10,76.54166666666667
,,,,,,,,2013-03-11,159.08333333333334
,,,,,,,,2013-03-12,147.95833333333334
26.6,34.3,22.2,-,57,6.9,3.3,3.5,2013-03-13,111.95833333333331
25.2,34,22,-,67,6.9,3.1,5.4,2013-03-14,59.208333333333336
25.3,30.4,20.8,-,57,6.9,3.9,7.6,2013-03-15,77.20833333333333
,,,,,,,,2013-03-16,87.83333333333333
,,,,,,,,2013-03-17,90.04166666666667
,,,,,,,,2013-03-18,63.91666666666666
28,35,22.4,-,45,6.9,3.1,5.4,2013-03-19,98.70833333333331
28,36,23.2,-,48,6.9,3,5.4,2013-03-20,123.70833333333331
27.4,34.8,22.4,-,49,6.9,2.4,3.5,2013-03-21,64.79166666666667
,,,,,,,,2013-03-22,62.875
,,,,,,,,2013-03-23,88.375
,,,,,,,,2013-03-24,77.66666666666667
28.1,35.6,20.6,-,25,6.9,1.9,3.5,2013-03-25,52.333333333333336
28.6,37.2,21.6,-,28,6.9,2.8,5.4,2013-03-26,52.04166666666666
28.3,36.1,21.2,-,28,6.9,2.4,5.4,2013-03-27,128.33333333333334
,,,,,,,,2013-03-28,87.58333333333333
,,,,,,,,2013-03-29,2.9166666666666665
,,,,,,,,2013-03-30,0.0
29.2,35.4,22.1,-,30,6.9,2.8,5.4,2013-03-31,0.0
28.6,35.8,22.5,-,34,6.9,2.8,5.4,2013-04-01,23.20833333333333
28.9,36.3,21.9,-,40,6.9,3.1,3.5,2013-04-02,15.166666666666666
29.4,35.6,23.5,-,39,6.9,3.9,5.4,2013-04-03,21.25
,,,,,,,,2013-04-04,25.75
,,,,,,,,2013-04-05,52.41666666666666
,,,,,,,,2013-04-06,89.0
28.6,35.5,22.5,-,49,6.9,3,5.4,2013-04-07,81.83333333333333
30.1,36,24.5,-,39,6.9,3.5,5.4,2013-04-08,105.33333333333331
29.4,36.5,24.4,-,43,8.5,3.5,3.5,2013-04-09,117.75
,,,,,,,,2013-04-10,20.791666666666668
,,,,,,,,2013-04-11,64.79166666666667
,,,,,,,,2013-04-12,87.375
29.3,37,24,-,31,6.9,1.9,3.5,2013-04-13,84.5
28.8,36.5,23.2,-,36,6.9,4.1,7.6,2013-04-14,46.91666666666666
29,35.6,22.6,-,38,6.9,3.9,5.4,2013-04-15,104.625
,,,,,,,,2013-04-16,109.625
,,,,,,,,2013-04-17,63.458333333333336
,,,,,,,,2013-04-18,77.04166666666667
28.9,35.6,23.5,-,53,6.9,4.1,5.4,2013-04-19,110.875
26.6,35.7,23,-,65,6.9,4.3,7.6,2013-04-20,42.958333333333336
26.9,35.2,21.7,-,60,6.3,4.4,5.4,2013-04-21,0.0
,,,,,,,,2013-04-22,30.875
,,,,,,,,2013-04-23,75.58333333333333
,,,,,,,,2013-04-24,106.95833333333331
27.5,37,22.6,-,53,6.9,4.8,7.6,2013-04-25,120.875
28.7,37,22.5,-,47,6.9,1.3,3.5,2013-04-26,79.91666666666667
29.1,35.6,24,-,48,6.9,3,5.4,2013-04-27,0.0
,,,,,,,,2013-04-28,0.0
,,,,,,,,2013-04-29,0.0
,,,,,,,,2013-04-30,38.5
26.8,35.6,20.5,-,48,6.9,3.9,9.4,2013-05-01,94.75
27.6,35.1,22.3,-,49,6.9,3.3,7.6,2013-05-02,142.5
28.2,34.2,23.3,-,51,6.9,2.8,3.5,2013-05-03,133.375
,,,,,,,,2013-05-04,102.41666666666669
,,,,,,,,2013-05-05,101.75
,,,,,,,,2013-05-06,117.95833333333331
27.3,36.6,21,-,55,6.3,3.1,7.6,2013-05-07,147.83333333333334
26.9,37,20.8,-,59,6.9,2.8,3.5,2013-05-08,158.29166666666666
26,33.2,22.5,-,67,6.9,3.1,7.6,2013-05-09,149.58333333333334
,,,,,,,,2013-05-10,107.29166666666669
,,,,,,,,2013-05-11,96.25
,,,,,,,,2013-05-12,76.25
28.1,33,23.7,-,60,6.9,2,5.4,2013-05-13,101.5
27.1,33.8,22.5,-,63,6.9,5,7.6,2013-05-14,106.5
27.1,35,21.8,-,58,6.3,6.9,18.3,2013-05-15,128.125
,,,,,,,,2013-05-16,108.0
,,,,,,,,2013-05-17,125.625
,,,,,,,,2013-05-18,137.16666666666666
26.2,35.5,19.4,-,67,6.9,4.3,7.6,2013-05-19,101.95833333333331
26.8,33.7,20.2,-,61,6.9,4.8,9.4,2013-05-20,98.41666666666669
26.1,35.1,19.9,-,70,6.9,4.6,7.6,2013-05-21,94.375
,,,,,,,,2013-05-22,118.5
,,,,,,,,2013-05-23,89.54166666666667
,,,,,,,,2013-05-24,87.25
27.6,34,21.9,-,67,8.5,4.3,7.6,2013-05-25,107.625
26.2,33.3,21,-,75,6.9,6.1,9.4,2013-05-26,110.41666666666669
23.1,33.1,20,-,84,6.3,5,7.6,2013-05-27,95.83333333333331
,,,,,,,,2013-05-28,93.5
,,,,,,,,2013-05-29,97.625
,,,,,,,,2013-05-30,76.95833333333333
24.9,31.2,20.8,-,74,6.9,6.3,9.4,2013-05-31,72.25
26.1,31.5,20.8,-,69,6.9,4.4,5.4,2013-06-01,38.66666666666666
26.4,32.1,21.8,-,70,6.9,6.3,9.4,2013-06-02,45.375
25.7,32.4,22,-,70,6.9,6.3,7.6,2013-06-03,65.16666666666667
,,,,,,,,2013-06-04,67.08333333333333
,,,,,,,,2013-06-05,80.04166666666667
,,,,,,,,2013-06-06,74.16666666666667
23.9,31.2,22,-,71,6.9,7.4,9.4,2013-06-07,66.08333333333333
25,29.6,21.5,-,67,6.9,7.4,9.4,2013-06-08,77.66666666666667
23.4,29.6,21.1,-,77,6.9,8.1,14.8,2013-06-09,70.25
,,,,,,,,2013-06-10,75.125
,,,,,,,,2013-06-11,37.16666666666666
,,,,,,,,2013-06-12,57.375
24.2,27.5,20.7,-,78,6.9,7.2,9.4,2013-06-13,56.29166666666666
25.8,29.7,22,-,66,6.9,7.4,11.1,2013-06-14,77.0
25.1,31.2,21.5,-,67,6.9,7,9.4,2013-06-15,32.958333333333336
,,,,,,,,2013-06-16,40.833333333333336
,,,,,,,,2013-06-17,42.54166666666666
,,,,,,,,2013-06-18,93.08333333333331
23.4,29,20,-,76,6.9,5.2,9.4,2013-06-19,80.625
24.2,28,21,-,83,6.9,5.7,7.6,2013-06-20,90.70833333333331
24.6,29,20.8,-,75,6.9,7.8,9.4,2013-06-21,97.29166666666669
,,,,,,,,2013-06-22,79.83333333333333
,,,,,,,,2013-06-23,87.75
,,,,,,,,2013-06-24,63.5
23.8,29.4,20.6,-,77,6.9,8.9,14.8,2013-06-25,50.708333333333336
24.2,29,20.4,-,71,7.4,11.9,18.3,2013-06-26,40.375
23.6,29.5,20.4,-,73,7.4,10.9,14.8,2013-06-27,49.41666666666666
,,,,,,,,2013-06-28,43.66666666666666
,,,,,,,,2013-06-29,52.16666666666666
,,,,,,,,2013-06-30,49.583333333333336
24.6,29,19.3,-,69,6.9,8,11.1,2013-07-01,61.875
25.2,29.7,20.5,-,66,6.9,7.2,11.1,2013-07-02,0.0
23.8,29.9,20.9,-,76,6.9,7.6,14.8,2013-07-03,29.666666666666668
,,,,,,,,2013-07-04,47.75
,,,,,,,,2013-07-05,37.708333333333336
,,,,,,,,2013-07-06,33.083333333333336
23.2,29.3,20.5,-,79,6.9,3.9,5.4,2013-07-07,49.125
23.2,27.4,20.4,-,78,6.9,4.4,7.6,2013-07-08,43.66666666666666
24.4,28.2,20.2,-,68,6.9,5,9.4,2013-07-09,29.83333333333333
,,,,,,,,2013-07-10,29.666666666666668
,,,,,,,,2013-07-11,56.708333333333336
,,,,,,,,2013-07-12,39.25
22.9,28.5,20,-,75,7.4,7.6,51.9,2013-07-13,35.208333333333336
22.9,27,20,-,73,6.9,9.4,14.8,2013-07-14,37.625
22.2,27.2,20.2,-,80,6.9,11.1,14.8,2013-07-15,41.458333333333336
,,,,,,,,2013-07-16,53.125
,,,,,,,,2013-07-17,54.875
,,,,,,,,2013-07-18,65.75
22.2,26.6,20.6,-,87,6.9,10.2,14.8,2013-07-19,38.583333333333336
23.5,26.7,20.6,-,66,6.9,9.1,11.1,2013-07-20,36.0
23.8,28.7,19.7,-,74,6.9,8.1,11.1,2013-07-21,70.58333333333333
,,,,,,,,2013-07-22,52.458333333333336
,,,,,,,,2013-07-23,36.583333333333336
,,,,,,,,2013-07-24,45.583333333333336
25.2,30.3,20.5,-,65,6.9,7.2,9.4,2013-07-25,33.166666666666664
25.4,30.5,20.5,-,64,6.9,9.1,14.8,2013-07-26,38.25
24.4,30.2,20.5,-,71,6.9,8.3,14.8,2013-07-27,26.58333333333333
,,,,,,,,2013-07-28,57.583333333333336
,,,,,,,,2013-07-29,30.70833333333333
,,,,,,,,2013-07-30,35.375
24.9,30.7,22,-,75,5.8,3,7.6,2013-07-31,15.416666666666666
25.2,30.5,21.4,-,67,6.9,4.8,11.1,2013-08-01,41.375
25,31.5,21.6,-,69,6.9,5.7,9.4,2013-08-02,25.541666666666668
24.3,31.2,20.3,-,72,6.9,8.9,14.8,2013-08-03,28.375
,,,,,,,,2013-08-04,40.333333333333336
,,,,,,,,2013-08-05,39.333333333333336
,,,,,,,,2013-08-06,41.833333333333336
25.7,30.2,21.2,-,65,6.3,7.2,11.1,2013-08-07,50.333333333333336
25.8,31.2,22,-,66,6.9,5,14.8,2013-08-08,35.375
23.8,31.3,21.5,-,79,6.9,5.6,11.1,2013-08-09,31.916666666666668
,,,,,,,,2013-08-10,36.79166666666666
,,,,,,,,2013-08-11,33.291666666666664
,,,,,,,,2013-08-12,35.5
23.3,27.6,21.2,-,75,6.3,2.8,5.4,2013-08-13,35.291666666666664
24.8,27.6,21.6,-,67,6.9,1.9,5.4,2013-08-14,26.83333333333333
22.3,28.3,19.2,-,84,6.9,2.2,7.6,2013-08-15,21.125
,,,,,,,,2013-08-16,18.0
,,,,,,,,2013-08-17,28.041666666666668
,,,,,,,,2013-08-18,34.875
22.6,28.9,20.3,-,84,6.3,6.7,14.8,2013-08-19,35.708333333333336
22.3,28.6,20.3,-,86,6.9,8.1,11.1,2013-08-20,43.583333333333336
23.6,27,20.3,-,78,6.9,7,9.4,2013-08-21,46.04166666666666
,,,,,,,,2013-08-22,28.75
,,,,,,,,2013-08-23,70.54166666666667
,,,,,,,,2013-08-24,58.54166666666666
22.8,26.8,20.5,-,86,4.8,6.3,9.4,2013-08-25,82.875
23.8,28,20.8,-,77,6.9,9.1,11.1,2013-08-26,64.91666666666667
22.3,28.5,21,-,89,4.8,7.6,14.8,2013-08-27,30.666666666666668
,,,,,,,,2013-08-28,31.75
,,,,,,,,2013-08-29,41.04166666666666
,,,,,,,,2013-08-30,45.25
24.9,29,20.5,-,73,6.4,4.8,9.4,2013-08-31,34.416666666666664
23.7,30.6,19.8,-,84,6.3,4.1,7.6,2013-09-01,33.166666666666664
22.6,27.8,20.8,-,92,4.8,1.9,5.4,2013-09-02,30.625
23.2,27.3,19.9,-,87,5.5,3.7,7.6,2013-09-03,30.33333333333333
,,,,,,,,2013-09-04,31.75
,,,,,,,,2013-09-05,34.208333333333336
,,,,,,,,2013-09-06,11.625
24.1,28.5,21.3,-,83,6.3,1.9,3.5,2013-09-07,0.0
23.9,30,20.5,-,82,6.3,2,11.1,2013-09-08,0.0
23.6,28.2,20,-,82,6.8,2,5.4,2013-09-09,0.0
,,,,,,,,2013-09-10,0.0
,,,,,,,,2013-09-11,0.0
,,,,,,,,2013-09-12,26.166666666666668
25.3,31,22.2,-,72,6.9,4.6,7.6,2013-09-13,76.875
24.8,30.6,21,-,75,6.9,5.9,11.1,2013-09-14,83.45833333333333
23.7,31.1,21,-,78,6.9,6.3,7.6,2013-09-15,71.66666666666667
,,,,,,,,2013-09-16,65.625
,,,,,,,,2013-09-17,53.375
,,,,,,,,2013-09-18,56.083333333333336
23.1,27.2,20.4,-,75,6.3,11.7,14.8,2013-09-19,69.70833333333333
23.2,27.7,19.4,-,68,6.9,10.9,18.3,2013-09-20,62.375
22.8,28.5,19.3,-,80,6.3,10,14.8,2013-09-21,24.875
,,,,,,,,2013-09-22,37.333333333333336
,,,,,,,,2013-09-23,50.125
,,,,,,,,2013-09-24,46.54166666666666
22.8,29,19.4,-,81,6.3,3.3,5.4,2013-09-25,43.958333333333336
23.8,27.2,20.6,-,78,6.9,3.9,9.4,2013-09-26,41.5
21.9,28.1,20,-,91,5.5,4.1,7.6,2013-09-27,38.79166666666666
,,,,,,,,2013-09-28,48.91666666666666
,,,,,,,,2013-09-29,76.91666666666667
,,,,,,,,2013-09-30,34.458333333333336
23.1,27.4,20.7,-,85,6.3,4.3,7.6,2013-10-01,30.33333333333333
23.3,28.4,19.4,-,82,6.3,3.1,5.4,2013-10-02,26.666666666666668
24.9,28,20.6,-,74,6.9,4.3,7.6,2013-10-03,29.0
,,,,,,,,2013-10-04,34.25
,,,,,,,,2013-10-05,62.708333333333336
,,,,,,,,2013-10-06,65.08333333333333
23.7,29,21.2,-,84,5.5,1.1,5.4,2013-10-07,61.708333333333336
24.6,28.8,21.3,-,80,6.9,3,7.6,2013-10-08,60.54166666666666
24.8,29,21.5,-,80,6.6,3.1,37,2013-10-09,41.583333333333336
,,,,,,,,2013-10-10,50.91666666666666
,,,,,,,,2013-10-11,40.958333333333336
,,,,,,,,2013-10-12,60.66666666666666
22.9,27.5,20.5,-,87,5.3,2.4,5.4,2013-10-13,80.04166666666667
22.1,27.6,19.8,-,93,3.7,1.9,9.4,2013-10-14,82.83333333333333
22.3,25.6,19.6,-,85,5.3,6.5,7.6,2013-10-15,95.25
,,,,,,,,2013-10-16,115.83333333333331
,,,,,,,,2013-10-17,149.66666666666666
,,,,,,,,2013-10-18,145.58333333333334
23.7,29,20.1,-,67,6,1.3,3.5,2013-10-19,126.16666666666669
24.4,29.8,20.4,-,67,6.3,3.1,7.6,2013-10-20,136.70833333333334
24.8,30.6,20.4,-,66,6.3,3.1,7.6,2013-10-21,160.66666666666666
,,,,,,,,2013-10-22,173.58333333333334
,,,,,,,,2013-10-23,168.625
,,,,,,,,2013-10-24,174.66666666666666
25.2,31.3,20.8,-,64,6.3,2.4,5.4,2013-10-25,245.66666666666663
23.7,29.6,21,-,68,7.7,2.4,5.4,2013-10-26,261.6666666666667
23.9,28.8,20.2,-,68,6.9,2,5.4,2013-10-27,272.4166666666667
,,,,,,,,2013-10-28,226.29166666666663
,,,,,,,,2013-10-29,291.7083333333333
,,,,,,,,2013-10-30,207.33333333333331
22.2,26.7,19.4,-,71,6.9,5.6,7.6,2013-10-31,149.625
21.7,25,19.9,-,78,6.9,5,7.6,2013-11-01,99.70833333333331
22.9,26.6,18.8,-,66,6.9,3.7,7.6,2013-11-02,217.375
23.2,27.8,19.3,-,66,6.9,3.1,7.6,2013-11-03,309.375
,,,,,,,,2013-11-04,166.91666666666666
,,,,,,,,2013-11-05,429.1666666666667
,,,,,,,,2013-11-06,332.4583333333333
21.5,25.6,19.2,-,87,6.9,3,5.4,2013-11-07,321.5416666666667
22,26,18.3,-,80,6.9,2.2,7.6,2013-11-08,278.0
22.5,27.2,18.6,-,64,6.3,3.9,5.4,2013-11-09,192.33333333333331
,,,,,,,,2013-11-10,235.33333333333331
,,,,,,,,2013-11-11,153.29166666666666
,,,,,,,,2013-11-12,171.54166666666666
23.6,28.2,19.3,-,65,6.3,4.1,7.6,2013-11-13,224.16666666666663
23.5,29.1,19.4,-,74,6.9,0.9,5.4,2013-11-14,196.75
24.4,28.7,21,-,74,6.3,2,7.6,2013-11-15,221.54166666666663
,,,,,,,,2013-11-16,210.54166666666663
,,,,,,,,2013-11-17,251.20833333333331
,,,,,,,,2013-11-18,172.83333333333334
24.1,30,20.5,-,71,6.3,2.8,5.4,2013-11-19,166.70833333333334
24.2,29,20.7,-,70,6.3,3.5,5.4,2013-11-20,130.70833333333334
23.8,29.6,20.2,-,70,6.3,3.9,5.4,2013-11-21,194.70833333333331
,,,,,,,,2013-11-22,250.875
,,,,,,,,2013-11-23,274.875
,,,,,,,,2013-11-24,207.91666666666663
22.7,30,18.6,-,65,5.8,5,7.6,2013-11-25,134.45833333333334
22.2,28,17.4,-,76,6,4.1,5.4,2013-11-26,110.0
22.4,26.8,19.2,-,78,6,5,11.1,2013-11-27,160.0
,,,,,,,,2013-11-28,217.91666666666663
,,,,,,,,2013-11-29,184.20833333333331
,,,,,,,,2013-11-30,130.91666666666666
19.8,24.7,19,-,95,4,7,9.4,2013-12-01,118.91666666666669
19.8,21.6,18.2,-,88,4.8,7,9.4,2013-12-02,176.375
20.8,23.6,18.3,-,82,6.9,4.6,9.4,2013-12-03,185.95833333333331
,,,,,,,,2013-12-04,195.375
,,,,,,,,2013-12-05,151.04166666666666
,,,,,,,,2013-12-06,170.875
22.8,29.2,18.5,-,63,6.3,3.1,7.6,2013-12-07,239.125
22.6,29.7,15.9,-,47,6.3,0.7,5.4,2013-12-08,365.2916666666667
22.6,30.8,16.8,-,55,6.8,0,-,2013-12-09,312.2083333333333
,,,,,,,,2013-12-10,237.625
,,,,,,,,2013-12-11,179.33333333333334
,,,,,,,,2013-12-12,122.54166666666669
22.7,28.1,19.6,-,72,4.2,1.1,5.4,2013-12-13,121.33333333333331
22.6,28.5,18.4,-,63,6,4.6,9.4,2013-12-14,202.875
22.2,29.3,17.1,-,66,6,5.7,7.6,2013-12-15,260.1666666666667
,,,,,,,,2013-12-16,403.9583333333333
,,,,,,,,2013-12-17,455.5833333333333
,,,,,,,,2013-12-18,382.7083333333333
21,26,15.3,-,63,6.3,6.7,9.4,2013-12-19,277.7083333333333
22.1,28,17.2,-,58,6.3,3.1,5.4,2013-12-20,284.1666666666667
22,28.8,16,-,56,6.3,4.3,7.6,2013-12-21,288.4166666666667
,,,,,,,,2013-12-22,256.8333333333333
,,,,,,,,2013-12-23,175.75
,,,,,,,,2013-12-24,180.79166666666663
20.4,28.5,16.6,-,72,6,0.9,3.5,2013-12-25,166.91666666666666
21.6,28,16.2,-,57,6.3,4.8,7.6,2013-12-26,169.0
20.6,29.2,15.5,-,57,5.8,4.6,5.4,2013-12-27,186.04166666666663
,,,,,,,,2013-12-28,185.58333333333331
,,,,,,,,2013-12-29,114.08333333333331
,,,,,,,,2013-12-30,140.45833333333334
-,-,-,-,-,-,-,-,2013-12-31,108.08333333333331
22.2,28.4,16.6,-,53,7.7,0.9,5.4,2014-01-01,255.875
22.1,28.9,17.8,-,58,5.1,1.1,-,2014-01-02,217.08333333333331
22.2,29,18.4,-,62,6,3.9,5.4,2014-01-03,229.16666666666663
,,,,,,,,2014-01-04,392.2083333333333
,,,,,,,,2014-01-05,536.5
,,,,,,,,2014-01-06,321.8333333333333
20.4,27.2,15.2,-,52,6.3,4.1,7.6,2014-01-07,298.4583333333333
20.1,27.2,14.8,-,50,6.9,6.5,7.6,2014-01-08,264.9166666666667
21.2,26.6,15.5,-,59,6.3,6.7,9.4,2014-01-09,404.5
,,,,,,,,2014-01-10,442.6666666666667
,,,,,,,,2014-01-11,220.95833333333331
,,,,,,,,2014-01-12,251.375
23.4,30.6,17.6,-,48,6.3,4.1,5.4,2014-01-13,188.5
23.3,31,16.3,-,42,5.8,2.8,11.1,2014-01-14,164.75
22.4,30.7,16.3,-,49,6.3,3.3,7.6,2014-01-15,376.9166666666667
,,,,,,,,2014-01-16,362.0
,,,,,,,,2014-01-17,235.625
,,,,,,,,2014-01-18,0.0
20.7,28.7,14.3,-,48,6.9,7.2,9.4,2014-01-19,0.0
20.4,28,14.2,-,45,6.3,4.6,7.6,2014-01-20,0.0
20.9,28.5,14.3,-,46,6.3,4.1,7.6,2014-01-21,57.0
,,,,,,,,2014-01-22,114.33333333333331
,,,,,,,,2014-01-23,148.125
,,,,,,,,2014-01-24,184.875
22.7,29.1,17.1,-,48,6.3,2,5.4,2014-01-25,202.91666666666663
21.9,29.8,16.2,-,44,6.3,2.6,7.6,2014-01-26,205.125
21.3,29,16,-,53,6.9,4.4,11.1,2014-01-27,214.125
,,,,,,,,2014-01-28,202.95833333333331
,,,,,,,,2014-01-29,308.875
,,,,,,,,2014-01-30,323.875
21.4,29.2,15,-,42,6.9,5.2,9.4,2014-01-31,315.7916666666667
21.9,29.6,13.2,-,26,6.9,3.1,7.6,2014-02-01,322.25
22.6,30.4,15.9,-,30,8.5,5.4,9.4,2014-02-02,246.04166666666663
21.7,30.1,15.8,-,32,6.9,6.3,11.1,2014-02-03,200.91666666666663
,,,,,,,,2014-02-04,187.16666666666663
,,,,,,,,2014-02-05,187.79166666666663
,,,,,,,,2014-02-06,167.79166666666666
23.3,32.3,20.2,-,67,6.3,3,5.4,2014-02-07,99.5
23.3,30,19.2,-,54,6.9,2.4,5.4,2014-02-08,143.91666666666666
24.4,30.2,19.7,-,61,6.9,1.5,5.4,2014-02-09,100.25
,,,,,,,,2014-02-10,126.0
,,,,,,,,2014-02-11,163.91666666666666
,,,,,,,,2014-02-12,152.875
23.5,30.2,18.5,-,49,6.3,5,11.1,2014-02-13,165.0
23.3,29.9,17.9,-,58,6.9,5.6,7.6,2014-02-14,116.45833333333331
23.4,30.7,17.4,-,60,6.3,5.7,7.6,2014-02-15,143.0
,,,,,,,,2014-02-16,194.91666666666663
,,,,,,,,2014-02-17,130.66666666666666
,,,,,,,,2014-02-18,152.375
24.3,32.1,16.8,-,34,6.3,5,9.4,2014-02-19,231.125
22.8,32.2,17.4,-,39,6.9,7.4,18.3,2014-02-20,218.66666666666663
24.2,31.5,17.5,-,31,6.9,5.4,11.1,2014-02-21,211.0
,,,,,,,,2014-02-22,172.0
,,,,,,,,2014-02-23,184.875
,,,,,,,,2014-02-24,95.41666666666669
24.7,31.2,17.3,-,34,7.4,6.9,11.1,2014-02-25,52.208333333333336
25,32,17.8,-,34,6.9,3.9,5.4,2014-02-26,187.5
25.2,32.7,18.2,-,28,6.9,5.9,11.1,2014-02-27,130.16666666666666
,,,,,,,,2014-02-28,68.91666666666667
25.2,33.2,18.2,-,26,6.9,5.2,7.6,2014-03-01,123.125
25.5,32.5,18.3,-,25,6.9,4.8,7.6,2014-03-02,120.91666666666669
25.7,33.2,17.5,-,21,6.9,2.4,5.4,2014-03-03,153.625
,,,,,,,,2014-03-04,119.41666666666669
,,,,,,,,2014-03-05,110.75
,,,,,,,,2014-03-06,94.29166666666669
25.5,34.6,16.5,-,29,7.7,7,11.1,2014-03-07,130.33333333333334
25.4,33.5,18.5,-,25,6.9,5.7,9.4,2014-03-08,110.70833333333331
26.2,33.3,17.8,-,27,6.9,5.9,7.6,2014-03-09,138.5
,,,,,,,,2014-03-10,39.29166666666666
,,,,,,,,2014-03-11,44.91666666666666
,,,,,,,,2014-03-12,52.375
25.8,32.5,20.1,-,57,6.9,4.1,7.6,2014-03-13,75.75
26.5,31.6,22.4,-,50,6.9,4.8,11.1,2014-03-14,146.54166666666666
25.8,32.1,21.6,-,60,6.9,4.6,11.1,2014-03-15,116.625
,,,,,,,,2014-03-16,163.0
,,,,,,,,2014-03-17,162.08333333333334
,,,,,,,,2014-03-18,63.458333333333336
25.6,31,19.6,-,39,7.4,2.8,48.2,2014-03-19,80.04166666666667
26.7,33.8,19.5,-,37,6.9,2.4,5.4,2014-03-20,100.04166666666669
27.4,33.7,21.4,-,44,6.9,2.2,3.5,2014-03-21,109.45833333333331
,,,,,,,,2014-03-22,103.08333333333331
,,,,,,,,2014-03-23,208.83333333333331
,,,,,,,,2014-03-24,74.66666666666667
27.3,33.4,21.7,-,43,7.7,3.9,7.6,2014-03-25,110.16666666666669
27.1,34.1,20.8,-,34,6.9,3.3,7.6,2014-03-26,108.20833333333331
27.4,34.4,21.5,-,42,6.9,3.3,5.4,2014-03-27,103.83333333333331
,,,,,,,,2014-03-28,111.5
,,,,,,,,2014-03-29,98.58333333333331
,,,,,,,,2014-03-30,60.41666666666666
25.9,34.8,21.1,-,60,6.3,4.1,9.4,2014-03-31,74.29166666666667
27.6,33.2,21.2,-,54,6.9,2,7.6,2014-04-01,101.79166666666669
24.7,33.5,20.6,-,72,6.9,2.2,5.4,2014-04-02,106.16666666666669
26.1,33.1,19.8,-,55,7.4,0.7,3.5,2014-04-03,89.875
,,,,,,,,2014-04-04,71.95833333333333
,,,,,,,,2014-04-05,76.41666666666667
,,,,,,,,2014-04-06,113.375
26.7,33.5,21.6,-,51,8.5,3.1,5.4,2014-04-07,48.208333333333336
26.4,32.6,21,-,47,6.9,5,7.6,2014-04-08,47.04166666666666
26.2,32.7,21,-,49,6.9,5.2,7.6,2014-04-09,67.79166666666667
,,,,,,,,2014-04-10,65.45833333333333
,,,,,,,,2014-04-11,77.75
,,,,,,,,2014-04-12,114.45833333333331
27.6,33.5,21.7,-,51,6.9,5.9,11.1,2014-04-13,56.66666666666666
28.3,34,23.1,-,50,6.9,5.2,7.6,2014-04-14,79.0
28.2,34.6,23.9,-,52,7.7,3.9,7.6,2014-04-15,123.58333333333331
,,,,,,,,2014-04-16,97.875
,,,,,,,,2014-04-17,77.33333333333333
,,,,,,,,2014-04-18,48.333333333333336
27.9,34.8,23.9,-,63,6.9,2,7.6,2014-04-19,80.29166666666667
25.5,34,22.8,-,63,6.9,1.1,5.4,2014-04-20,137.875
28.2,34.8,22.2,-,51,7.4,1.1,3.5,2014-04-21,87.875
,,,,,,,,2014-04-22,61.875
,,,,,,,,2014-04-23,82.125
,,,,,,,,2014-04-24,139.91666666666666
26.6,34,22.2,-,63,6.9,3.1,7.6,2014-04-25,121.20833333333331
27.2,34.4,22.8,-,62,6.9,4.1,5.4,2014-04-26,97.04166666666669
28.3,34.7,22,-,51,9.2,2.8,9.4,2014-04-27,92.08333333333331
,,,,,,,,2014-04-28,105.75
,,,,,,,,2014-04-29,119.16666666666669
,,,,,,,,2014-04-30,121.45833333333331
26.9,35.2,21.4,-,64,6.3,5,11.1,2014-05-01,130.625
26.5,33,23.3,-,73,7.7,4.8,9.4,2014-05-02,90.5
25.9,34,20,-,72,6.9,3,9.4,2014-05-03,55.41666666666666
,,,,,,,,2014-05-04,79.29166666666667
,,,,,,,,2014-05-05,81.875
,,,,,,,,2014-05-06,73.20833333333333
27.8,33.5,23.4,-,57,6.9,3.9,7.6,2014-05-07,108.33333333333331
25.9,33.5,22.8,-,70,6.9,3.7,9.4,2014-05-08,198.875
27.2,32.8,21.8,-,59,6.9,4.1,9.4,2014-05-09,120.70833333333331
,,,,,,,,2014-05-10,117.375
,,,,,,,,2014-05-11,86.83333333333333
,,,,,,,,2014-05-12,88.625
24.9,32,21.5,-,74,7.4,1.1,37,2014-05-13,60.54166666666666
23.8,32,21,-,78,6.9,1.9,5.4,2014-05-14,79.0
24.8,31.4,20.6,-,63,6.3,0.9,3.5,2014-05-15,133.70833333333334
,,,,,,,,2014-05-16,87.08333333333333
,,,,,,,,2014-05-17,107.91666666666669
,,,,,,,,2014-05-18,76.625
25.9,31.2,21.4,-,66,6.9,6.1,11.1,2014-05-19,53.25
25.2,32.4,20.5,-,65,6.9,2.6,9.4,2014-05-20,65.16666666666667
24.1,32.4,21.5,-,77,6.3,3.1,11.1,2014-05-21,83.58333333333333
,,,,,,,,2014-05-22,86.91666666666667
,,,,,,,,2014-05-23,65.16666666666667
,,,,,,,,2014-05-24,44.29166666666666
23.5,32,21.4,-,89,6.3,4.1,7.6,2014-05-25,40.66666666666666
25,29.8,21.1,-,78,5.5,2.4,5.4,2014-05-26,48.125
26,30.8,22.2,-,71,6.9,2.2,5.4,2014-05-27,103.16666666666669
,,,,,,,,2014-05-28,119.70833333333331
,,,,,,,,2014-05-29,124.25
,,,,,,,,2014-05-30,143.04166666666666
25.6,29.7,20.9,-,77,7.7,6.7,9.4,2014-05-31,143.375
24.4,30.3,21.8,-,83,6.6,3.5,5.4,2014-06-01,44.79166666666666
23.8,31,20.9,-,81,5.5,3.9,7.6,2014-06-02,71.95833333333333
23.7,29.8,20.8,-,83,6.9,6.5,7.6,2014-06-03,17.5
,,,,,,,,2014-06-04,87.08333333333333
,,,,,,,,2014-06-05,84.04166666666667
,,,,,,,,2014-06-06,85.54166666666667
23.9,30.1,21.7,-,79,6.9,12,14.8,2014-06-07,101.0
23.3,29,21.2,-,83,6.3,11.9,16.5,2014-06-08,76.20833333333333
22,25.8,20.7,-,86,6.6,12.8,14.8,2014-06-09,84.33333333333333
,,,,,,,,2014-06-10,84.20833333333333
,,,,,,,,2014-06-11,83.375
,,,,,,,,2014-06-12,55.958333333333336
24.1,28.3,20.8,-,77,6.3,11.3,14.8,2014-06-13,48.833333333333336
23.2,27.9,21,-,84,6.3,7.8,11.1,2014-06-14,64.45833333333333
23.8,29.6,20.5,-,77,6.9,6.5,9.4,2014-06-15,80.54166666666667
,,,,,,,,2014-06-16,58.083333333333336
,,,,,,,,2014-06-17,49.958333333333336
,,,,,,,,2014-06-18,101.70833333333331
23.8,28.9,20.1,-,74,6.9,12.8,14.8,2014-06-19,65.41666666666667
23.4,29.1,20.7,-,78,6.9,12.6,14.8,2014-06-20,54.66666666666666
23.5,28,20.9,-,79,6.9,9.1,11.1,2014-06-21,78.54166666666667
,,,,,,,,2014-06-22,73.0
,,,,,,,,2014-06-23,58.625
,,,,,,,,2014-06-24,61.5
23.5,27.8,20.1,-,77,6.9,8.3,11.1,2014-06-25,49.125
23.1,28.1,20.2,-,75,6.9,11.9,16.5,2014-06-26,65.875
21.9,28,20.1,-,86,6.9,10,14.8,2014-06-27,72.41666666666667
,,,,,,,,2014-06-28,71.29166666666667
,,,,,,,,2014-06-29,74.375
,,,,,,,,2014-06-30,107.16666666666669
24.2,29.5,20.6,-,75,6.9,9.4,14.8,2014-07-01,184.66666666666663
24.8,29.4,20.9,-,68,6.9,10.9,14.8,2014-07-02,113.33333333333331
24.4,30.2,20.7,-,68,6.9,8.1,11.1,2014-07-03,146.20833333333334
,,,,,,,,2014-07-04,65.375
,,,,,,,,2014-07-05,111.04166666666669
,,,,,,,,2014-07-06,111.125
22.9,26.3,20.5,-,82,6.9,11.3,16.5,2014-07-07,112.29166666666669
22.4,26.4,20.3,-,86,8,6.7,9.4,2014-07-08,60.625
22.8,26.4,20.7,-,85,6.9,8.7,14.8,2014-07-09,71.0
,,,,,,,,2014-07-10,57.04166666666666
,,,,,,,,2014-07-11,67.41666666666667
,,,,,,,,2014-07-12,132.70833333333334
22.2,27.4,20.5,-,86,7.7,10.9,14.8,2014-07-13,153.41666666666666
22.4,26.5,20.3,-,86,6.9,8.5,11.1,2014-07-14,134.95833333333334
23.6,27.2,20.4,-,74,6.9,10,13,2014-07-15,81.125
,,,,,,,,2014-07-16,197.66666666666663
,,,,,,,,2014-07-17,160.75
,,,,,,,,2014-07-18,29.125
23,28.6,21,-,79,6.9,14.8,25.9,2014-07-19,52.25
23,27,20.4,-,77,6.9,14.6,22.2,2014-07-20,160.375
22.7,26.9,20.3,-,83,8.5,14.8,18.3,2014-07-21,99.375
,,,,,,,,2014-07-22,123.875
,,,,,,,,2014-07-23,131.41666666666666
,,,,,,,,2014-07-24,53.875
23.3,28.2,20.2,-,82,6.9,9.1,14.8,2014-07-25,31.45833333333333
23.7,28.8,20.6,-,79,6.9,8.9,11.1,2014-07-26,47.375
23.3,27.3,20.5,-,76,6.9,10.9,16.5,2014-07-27,38.16666666666666
,,,,,,,,2014-07-28,42.54166666666666
,,,,,,,,2014-07-29,35.791666666666664
,,,,,,,,2014-07-30,43.458333333333336
23.1,28.3,20.3,-,81,6.9,10,22.2,2014-07-31,35.958333333333336
21.9,27.2,19.4,-,85,5.5,8.7,18.3,2014-08-01,25.08333333333333
23.6,28,18.7,-,77,6.9,9.6,22.2,2014-08-02,45.833333333333336
23.3,28.6,20.8,-,76,6.9,8.5,16.5,2014-08-03,33.708333333333336
,,,,,,,,2014-08-04,31.875
,,,,,,,,2014-08-05,69.79166666666667
,,,,,,,,2014-08-06,62.91666666666666
21.9,27.7,19.7,-,84,7.4,11.1,14.8,2014-08-07,26.416666666666668
22,25.4,20,-,88,5.5,8.3,13,2014-08-08,30.666666666666668
23.4,27.6,20.2,-,76,6.3,9.8,18.3,2014-08-09,29.95833333333333
,,,,,,,,2014-08-10,47.458333333333336
,,,,,,,,2014-08-11,48.91666666666666
,,,,,,,,2014-08-12,37.125
21.7,24.6,19.4,-,85,7.4,10.2,18.3,2014-08-13,23.875
21.9,25,19.6,-,88,5.5,10,22.2,2014-08-14,22.33333333333333
22.2,25.7,20.1,-,87,5.5,7.6,11.1,2014-08-15,25.08333333333333
,,,,,,,,2014-08-16,32.958333333333336
,,,,,,,,2014-08-17,31.5
,,,,,,,,2014-08-18,56.375
23.3,27.4,20.7,-,77,6.3,13.1,18.3,2014-08-19,66.79166666666667
22.8,27.3,20.2,-,78,6.9,11.7,18.3,2014-08-20,64.875
23.3,27.4,19.7,-,72,6.9,10.6,18.3,2014-08-21,47.583333333333336
,,,,,,,,2014-08-22,48.29166666666666
,,,,,,,,2014-08-23,51.375
,,,,,,,,2014-08-24,43.375
23.7,27.8,19.8,-,75,6.9,8.3,11.1,2014-08-25,33.5
22.4,28.5,20,-,83,6.3,6.3,14.8,2014-08-26,43.04166666666666
21.9,28.3,19.5,-,86,6.3,6.7,11.1,2014-08-27,38.41666666666666
,,,,,,,,2014-08-28,29.166666666666668
,,,,,,,,2014-08-29,37.375
,,,,,,,,2014-08-30,60.0
23.3,28.8,20.3,-,78,7.4,6.9,11.1,2014-08-31,49.29166666666666
23.7,28.3,20,-,73,6.9,6.5,11.1,2014-09-01,19.541666666666668
23.8,28.2,20.3,-,71,6.6,7.8,9.4,2014-09-02,22.83333333333333
24.7,29.3,19.7,-,61,6.9,6.5,9.4,2014-09-03,24.291666666666668
,,,,,,,,2014-09-04,25.291666666666668
,,,,,,,,2014-09-05,23.416666666666668
,,,,,,,,2014-09-06,47.04166666666666
24.4,29.2,20.3,-,63,6.9,8.7,14.8,2014-09-07,74.66666666666667
24.3,29.1,20.1,-,66,6.9,7.8,14.8,2014-09-08,41.875
25.7,30,20.5,-,59,6.9,5.4,9.4,2014-09-09,50.583333333333336
,,,,,,,,2014-09-10,44.41666666666666
,,,,,,,,2014-09-11,66.45833333333333
,,,,,,,,2014-09-12,62.91666666666666
25,31.6,22.3,-,72,6.9,1.9,3.5,2014-09-13,58.125
24.8,30.3,20.4,-,69,6.3,1.5,5.4,2014-09-14,57.29166666666666
23.9,31.7,20.1,-,77,6.6,2,5.4,2014-09-15,38.25
,,,,,,,,2014-09-16,57.208333333333336
-,-,-,-,-,-,-,-,2014-09-17,50.333333333333336
,,,,,,,,2014-09-18,50.41666666666666
,,,,,,,,2014-09-19,47.41666666666666
22.7,29.1,19.5,-,81,6.3,5,9.4,2014-09-20,56.91666666666666
23.5,28.4,20,-,71,6.3,5.7,9.4,2014-09-21,54.625
23.9,28.2,18.4,-,64,6.9,4.8,7.6,2014-09-22,42.875
,,,,,,,,2014-09-23,41.208333333333336
-,-,-,-,-,-,-,-,2014-09-24,42.375
,,,,,,,,2014-09-25,45.958333333333336
,,,,,,,,2014-09-26,52.25
23.7,30.3,19.9,-,79,5.5,0.4,3.5,2014-09-27,43.333333333333336
25.1,29.2,21.3,-,72,6.9,3.5,5.4,2014-09-28,41.875
25.3,29.9,21.4,-,69,6.9,3.7,7.6,2014-09-29,44.41666666666666
,,,,,,,,2014-09-30,49.5
25.5,30.9,21.6,-,73,6.9,5.2,7.6,2014-10-01,41.958333333333336
24.9,30.3,21.3,-,71,6.9,4.6,5.4,2014-10-02,0.0
24.1,30.4,21.6,-,75,6.9,5,7.6,2014-10-03,0.0
,,,,,,,,2014-10-04,0.0
,,,,,,,,2014-10-05,0.0
,,,,,,,,2014-10-06,0.0
24.2,28.2,20.2,-,70,6.9,3.3,5.4,2014-10-07,45.75
24.1,29.5,20.8,-,72,6.3,3.1,3.5,2014-10-08,70.70833333333333
24.3,29.5,20.6,-,65,6.3,1.5,5.4,2014-10-09,51.79166666666666
,,,,,,,,2014-10-10,66.75
,,,,,,,,2014-10-11,39.958333333333336
,,,,,,,,2014-10-12,0.0
25,31.5,20.4,-,67,6.3,2.4,5.4,2014-10-13,0.0
24,30.3,21,-,75,6.9,3.1,3.5,2014-10-14,11.583333333333334
23.4,29.8,20.1,-,82,6.9,0.4,3.5,2014-10-15,13.0
,,,,,,,,2014-10-16,7.875
,,,,,,,,2014-10-17,33.541666666666664
,,,,,,,,2014-10-18,151.04166666666666
24.4,28.7,20.2,-,71,7.4,3.1,3.5,2014-10-19,156.25
23.8,29.3,19.7,-,58,6.9,3.1,3.5,2014-10-20,156.0
23.7,29,19.7,-,60,6.3,5,7.6,2014-10-21,151.79166666666666
,,,,,,,,2014-10-22,181.54166666666663
,,,,,,,,2014-10-23,219.95833333333331
,,,,,,,,2014-10-24,231.0
23.9,30.2,18.2,-,58,5.5,5,9.4,2014-10-25,252.625
23.8,29.3,18.7,-,58,6.6,4.6,7.6,2014-10-26,119.41666666666669
23.4,29.5,18.2,-,51,6.9,3.7,7.6,2014-10-27,126.0
,,,,,,,,2014-10-28,172.66666666666666
,,,,,,,,2014-10-29,207.04166666666663
,,,,,,,,2014-10-30,230.25
24.8,30.1,19.7,-,64,6.3,4.6,11.1,2014-10-31,232.33333333333331
24.3,30.4,20,-,65,6.3,3.9,5.4,2014-11-01,215.54166666666663
22.9,30.3,19.8,-,78,6.6,5.2,5.4,2014-11-02,239.41666666666663
22.8,27.7,20.4,-,81,5.5,8.1,14.8,2014-11-03,196.54166666666663
,,,,,,,,2014-11-04,206.75
,,,,,,,,2014-11-05,235.58333333333331
,,,,,,,,2014-11-06,199.875
23.3,30,18,-,48,6.9,3.9,7.6,2014-11-07,232.54166666666663
22.2,29.6,16,-,60,6.9,3,5.4,2014-11-08,185.5
23.4,29.2,17.5,-,58,6.3,5,7.6,2014-11-09,282.1666666666667
,,,,,,,,2014-11-10,226.45833333333331
,,,,,,,,2014-11-11,222.125
,,,,,,,,2014-11-12,317.0
22.4,30,16.2,-,44,6.9,1.3,3.5,2014-11-13,257.6666666666667
23,30.5,14.8,-,44,6.9,0.9,3.5,2014-11-14,166.875
23.3,31,16.5,-,68,6.9,5.4,7.6,2014-11-15,135.16666666666666
,,,,,,,,2014-11-16,133.125
-,-,-,-,-,-,-,-,2014-11-17,175.04166666666666
-,-,-,-,-,-,-,-,2014-11-18,189.66666666666663
-,-,-,-,-,-,-,-,2014-11-19,211.45833333333331
-,-,-,-,-,-,-,-,2014-11-20,215.5
-,-,-,-,-,-,-,-,2014-11-21,223.375
-,-,-,-,-,-,-,-,2014-11-22,187.54166666666663
,,,,,,,,2014-11-23,198.45833333333331
,,,,,,,,2014-11-24,156.70833333333334
22.6,27.6,19.2,-,70,4.8,3.1,5.4,2014-11-25,135.58333333333334
22.2,28.8,18,-,66,5.6,3.3,5.4,2014-11-26,152.04166666666666
20.8,29,16.3,-,64,5,5,9.4,2014-11-27,141.41666666666666
,,,,,,,,2014-11-28,248.625
,,,,,,,,2014-11-29,162.54166666666666
,,,,,,,,2014-11-30,0.0
21.8,29.5,18,-,62,6.3,4.3,9.4,2014-12-01,46.708333333333336
21.8,28.3,15.6,-,56,6.9,4.6,7.6,2014-12-02,91.75
21.7,28.8,18.2,-,67,6.9,3.3,7.6,2014-12-03,99.91666666666669
,,,,,,,,2014-12-04,113.375
,,,,,,,,2014-12-05,166.70833333333334
,,,,,,,,2014-12-06,146.66666666666666
22.3,29.3,18.3,-,70,6.8,3.1,5.4,2014-12-07,119.70833333333331
22.5,28.2,17.7,-,72,6.8,4.8,7.6,2014-12-08,110.875
23.1,29.4,17.6,-,62,5.8,5.2,11.1,2014-12-09,200.33333333333331
,,,,,,,,2014-12-10,161.79166666666666
,,,,,,,,2014-12-11,169.04166666666666
,,,,,,,,2014-12-12,216.79166666666663
22.3,29.9,18.7,-,70,6,3,9.4,2014-12-13,203.58333333333331
22.8,28.9,17.7,-,59,5.3,3.1,5.4,2014-12-14,25.08333333333333
21.8,28.9,17.7,-,59,6.3,7,9.4,2014-12-15,57.083333333333336
,,,,,,,,2014-12-16,152.83333333333334
,,,,,,,,2014-12-17,177.70833333333334
,,,,,,,,2014-12-18,239.04166666666663
21.6,28.5,16,-,67,6.3,3.1,11.1,2014-12-19,349.2916666666667
22.2,27.7,17.7,-,63,6.9,2.8,7.6,2014-12-20,188.04166666666663
22.7,28.4,18.1,-,65,6.3,3.9,5.4,2014-12-21,310.25
,,,,,,,,2014-12-22,375.7916666666667
,,,,,,,,2014-12-23,297.7916666666667
,,,,,,,,2014-12-24,441.7916666666667
23.4,29.1,18.4,-,62,6,5.7,9.4,2014-12-25,204.375
23.8,30.2,17.7,-,56,5.5,6.1,9.4,2014-12-26,223.25
24,31.4,19,-,63,6.3,5.4,7.6,2014-12-27,248.95833333333331
,,,,,,,,2014-12-28,441.4166666666667
,,,,,,,,2014-12-29,237.79166666666663
,,,,,,,,2014-12-30,334.875
20.9,25.8,16.6,-,51,6.6,3.9,11.1,,
